Area,Year,Prediction_Blanded,Formula
Afghanistan,2024,2.1817495133918197,Final Prediction = -1.2243 + (-0.4658 * ARIMA) + (3.7952 * TabPFN)
Afghanistan,2025,2.155231054094528,Final Prediction = -1.2243 + (-0.4658 * ARIMA) + (3.7952 * TabPFN)
Afghanistan,2026,2.18460229554864,Final Prediction = -1.2243 + (-0.4658 * ARIMA) + (3.7952 * TabPFN)
Afghanistan,2027,2.2006167144203346,Final Prediction = -1.2243 + (-0.4658 * ARIMA) + (3.7952 * TabPFN)
Albania,2024,-0.09790211570828233,Final Prediction = -1.8269 + (-1.3932 * ARIMA) + (4.5837 * TabPFN)
Albania,2025,-0.6821280105844552,Final Prediction = -1.8269 + (-1.3932 * ARIMA) + (4.5837 * TabPFN)
Albania,2026,-1.0427592270489765,Final Prediction = -1.8269 + (-1.3932 * ARIMA) + (4.5837 * TabPFN)
Albania,2027,-1.2857057419189926,Final Prediction = -1.8269 + (-1.3932 * ARIMA) + (4.5837 * TabPFN)
Algeria,2024,-5.170490169365456,Final Prediction = 9.2653 + (2.1937 * ARIMA) + (-16.2140 * TabPFN)
Algeria,2025,-5.31368293336153,Final Prediction = 9.2653 + (2.1937 * ARIMA) + (-16.2140 * TabPFN)
Algeria,2026,-5.021919474125376,Final Prediction = 9.2653 + (2.1937 * ARIMA) + (-16.2140 * TabPFN)
Algeria,2027,-4.848489341083528,Final Prediction = 9.2653 + (2.1937 * ARIMA) + (-16.2140 * TabPFN)
Angola,2024,-1.4968456844955416,Final Prediction = 0.8848 + (2.0674 * ARIMA) + (-2.9018 * TabPFN)
Angola,2025,-0.9602164023993698,Final Prediction = 0.8848 + (2.0674 * ARIMA) + (-2.9018 * TabPFN)
Angola,2026,-0.8104091225705714,Final Prediction = 0.8848 + (2.0674 * ARIMA) + (-2.9018 * TabPFN)
Angola,2027,-0.5703743397609538,Final Prediction = 0.8848 + (2.0674 * ARIMA) + (-2.9018 * TabPFN)
Antigua and Barbuda,2024,0.4483469011889285,Final Prediction = -1.3397 + (-0.5596 * ARIMA) + (-1.9761 * TabPFN)
Antigua and Barbuda,2025,0.32855333893668637,Final Prediction = -1.3397 + (-0.5596 * ARIMA) + (-1.9761 * TabPFN)
Antigua and Barbuda,2026,0.20239174851139263,Final Prediction = -1.3397 + (-0.5596 * ARIMA) + (-1.9761 * TabPFN)
Antigua and Barbuda,2027,0.12797353852805426,Final Prediction = -1.3397 + (-0.5596 * ARIMA) + (-1.9761 * TabPFN)
Argentina,2024,0.3517474253274027,Final Prediction = -0.3245 + (-1.3061 * ARIMA) + (1.7471 * TabPFN)
Argentina,2025,0.5025425897585014,Final Prediction = -0.3245 + (-1.3061 * ARIMA) + (1.7471 * TabPFN)
Argentina,2026,0.47598022606496615,Final Prediction = -0.3245 + (-1.3061 * ARIMA) + (1.7471 * TabPFN)
Argentina,2027,0.47971645749258,Final Prediction = -0.3245 + (-1.3061 * ARIMA) + (1.7471 * TabPFN)
Armenia,2024,-0.7765397695858227,Final Prediction = -0.7429 + (0.3374 * ARIMA) + (-0.7345 * TabPFN)
Armenia,2025,-0.7662772588727937,Final Prediction = -0.7429 + (0.3374 * ARIMA) + (-0.7345 * TabPFN)
Armenia,2026,-0.760448818054563,Final Prediction = -0.7429 + (0.3374 * ARIMA) + (-0.7345 * TabPFN)
Armenia,2027,-0.75058374260545,Final Prediction = -0.7429 + (0.3374 * ARIMA) + (-0.7345 * TabPFN)
Australia,2024,-84.12905711422428,Final Prediction = 52.2827 + (21.4325 * ARIMA) + (-122.2653 * TabPFN)
Australia,2025,-84.1360567392831,Final Prediction = 52.2827 + (21.4325 * ARIMA) + (-122.2653 * TabPFN)
Australia,2026,-85.3712777036949,Final Prediction = 52.2827 + (21.4325 * ARIMA) + (-122.2653 * TabPFN)
Australia,2027,-85.95441234509167,Final Prediction = 52.2827 + (21.4325 * ARIMA) + (-122.2653 * TabPFN)
Austria,2024,0.194812615061498,Final Prediction = -0.7190 + (-1.3301 * ARIMA) + (0.9503 * TabPFN)
Austria,2025,0.22802996372199222,Final Prediction = -0.7190 + (-1.3301 * ARIMA) + (0.9503 * TabPFN)
Austria,2026,0.22932445037384164,Final Prediction = -0.7190 + (-1.3301 * ARIMA) + (0.9503 * TabPFN)
Austria,2027,0.2518005957228605,Final Prediction = -0.7190 + (-1.3301 * ARIMA) + (0.9503 * TabPFN)
Azerbaijan,2024,1.359343370670063,Final Prediction = 0.5623 + (0.4822 * ARIMA) + (0.1985 * TabPFN)
Azerbaijan,2025,1.408036362623857,Final Prediction = 0.5623 + (0.4822 * ARIMA) + (0.1985 * TabPFN)
Azerbaijan,2026,1.4354632061204284,Final Prediction = 0.5623 + (0.4822 * ARIMA) + (0.1985 * TabPFN)
Azerbaijan,2027,1.4574683802164727,Final Prediction = 0.5623 + (0.4822 * ARIMA) + (0.1985 * TabPFN)
Bahamas,2024,-0.7466966383376783,Final Prediction = -1.1729 + (-0.1100 * ARIMA) + (2.3319 * TabPFN)
Bahamas,2025,-0.7519557090592526,Final Prediction = -1.1729 + (-0.1100 * ARIMA) + (2.3319 * TabPFN)
Bahamas,2026,-0.750455717034103,Final Prediction = -1.1729 + (-0.1100 * ARIMA) + (2.3319 * TabPFN)
Bahamas,2027,-0.7493203900131358,Final Prediction = -1.1729 + (-0.1100 * ARIMA) + (2.3319 * TabPFN)
Bahrain,2024,3.45447933105343,Final Prediction = -1.6832 + (-0.1048 * ARIMA) + (3.4358 * TabPFN)
Bahrain,2025,3.4731119330724036,Final Prediction = -1.6832 + (-0.1048 * ARIMA) + (3.4358 * TabPFN)
Bahrain,2026,3.476945423109629,Final Prediction = -1.6832 + (-0.1048 * ARIMA) + (3.4358 * TabPFN)
Bahrain,2027,3.5048844236488765,Final Prediction = -1.6832 + (-0.1048 * ARIMA) + (3.4358 * TabPFN)
Bangladesh,2024,-0.6627861720087336,Final Prediction = 0.7130 + (1.5775 * ARIMA) + (-1.9489 * TabPFN)
Bangladesh,2025,-0.4656503229260731,Final Prediction = 0.7130 + (1.5775 * ARIMA) + (-1.9489 * TabPFN)
Bangladesh,2026,-0.3241977796941389,Final Prediction = 0.7130 + (1.5775 * ARIMA) + (-1.9489 * TabPFN)
Bangladesh,2027,-0.2117204056979114,Final Prediction = 0.7130 + (1.5775 * ARIMA) + (-1.9489 * TabPFN)
Barbados,2024,-0.22734217724726014,Final Prediction = 2.6365 + (2.7583 * ARIMA) + (-8.0940 * TabPFN)
Barbados,2025,-0.032428122864527564,Final Prediction = 2.6365 + (2.7583 * ARIMA) + (-8.0940 * TabPFN)
Barbados,2026,-0.0499326969178181,Final Prediction = 2.6365 + (2.7583 * ARIMA) + (-8.0940 * TabPFN)
Barbados,2027,-0.09199093613701115,Final Prediction = 2.6365 + (2.7583 * ARIMA) + (-8.0940 * TabPFN)
Belarus,2024,-0.06997003847222077,Final Prediction = -0.1392 + (0.2947 * ARIMA) + (0.4374 * TabPFN)
Belarus,2025,-0.09409860973400369,Final Prediction = -0.1392 + (0.2947 * ARIMA) + (0.4374 * TabPFN)
Belarus,2026,-0.07730234076969103,Final Prediction = -0.1392 + (0.2947 * ARIMA) + (0.4374 * TabPFN)
Belarus,2027,-0.10739617816168598,Final Prediction = -0.1392 + (0.2947 * ARIMA) + (0.4374 * TabPFN)
Belgium,2024,1.8404317394739977,Final Prediction = 4.3050 + (1.6040 * ARIMA) + (-10.9613 * TabPFN)
Belgium,2025,1.8692389347773875,Final Prediction = 4.3050 + (1.6040 * ARIMA) + (-10.9613 * TabPFN)
Belgium,2026,1.77972501058984,Final Prediction = 4.3050 + (1.6040 * ARIMA) + (-10.9613 * TabPFN)
Belgium,2027,1.7384063684006097,Final Prediction = 4.3050 + (1.6040 * ARIMA) + (-10.9613 * TabPFN)
Belize,2024,2.523377449677832,Final Prediction = 0.7038 + (-1.8022 * ARIMA) + (-4.2791 * TabPFN)
Belize,2025,2.1348554586710393,Final Prediction = 0.7038 + (-1.8022 * ARIMA) + (-4.2791 * TabPFN)
Belize,2026,2.4322188618965446,Final Prediction = 0.7038 + (-1.8022 * ARIMA) + (-4.2791 * TabPFN)
Belize,2027,2.633161625434782,Final Prediction = 0.7038 + (-1.8022 * ARIMA) + (-4.2791 * TabPFN)
Benin,2024,11.950082020238813,Final Prediction = -4.0466 + (-2.3021 * ARIMA) + (11.0593 * TabPFN)
Benin,2025,11.81339197891303,Final Prediction = -4.0466 + (-2.3021 * ARIMA) + (11.0593 * TabPFN)
Benin,2026,11.610181641271621,Final Prediction = -4.0466 + (-2.3021 * ARIMA) + (11.0593 * TabPFN)
Benin,2027,11.434504457098457,Final Prediction = -4.0466 + (-2.3021 * ARIMA) + (11.0593 * TabPFN)
Bhutan,2024,10.699033587841104,Final Prediction = 4.7705 + (1.7036 * ARIMA) + (-13.1597 * TabPFN)
Bhutan,2025,10.239520916123807,Final Prediction = 4.7705 + (1.7036 * ARIMA) + (-13.1597 * TabPFN)
Bhutan,2026,10.165390989161564,Final Prediction = 4.7705 + (1.7036 * ARIMA) + (-13.1597 * TabPFN)
Bhutan,2027,10.13351219415443,Final Prediction = 4.7705 + (1.7036 * ARIMA) + (-13.1597 * TabPFN)
Bolivia (Plurinational State of),2024,3.838012805689682,Final Prediction = -2.7269 + (-0.3187 * ARIMA) + (5.7396 * TabPFN)
Bolivia (Plurinational State of),2025,3.7925824203725003,Final Prediction = -2.7269 + (-0.3187 * ARIMA) + (5.7396 * TabPFN)
Bolivia (Plurinational State of),2026,3.758163573188762,Final Prediction = -2.7269 + (-0.3187 * ARIMA) + (5.7396 * TabPFN)
Bolivia (Plurinational State of),2027,3.74053918784427,Final Prediction = -2.7269 + (-0.3187 * ARIMA) + (5.7396 * TabPFN)
Bosnia and Herzegovina,2024,0.610399416940341,Final Prediction = 1.0815 + (-0.4184 * ARIMA) + (-1.3070 * TabPFN)
Bosnia and Herzegovina,2025,0.5744581899716588,Final Prediction = 1.0815 + (-0.4184 * ARIMA) + (-1.3070 * TabPFN)
Bosnia and Herzegovina,2026,0.5716283621493754,Final Prediction = 1.0815 + (-0.4184 * ARIMA) + (-1.3070 * TabPFN)
Bosnia and Herzegovina,2027,0.581755622474849,Final Prediction = 1.0815 + (-0.4184 * ARIMA) + (-1.3070 * TabPFN)
Botswana,2024,-4.503644386322919,Final Prediction = 5.2915 + (3.1948 * ARIMA) + (-9.4290 * TabPFN)
Botswana,2025,-4.594655344447631,Final Prediction = 5.2915 + (3.1948 * ARIMA) + (-9.4290 * TabPFN)
Botswana,2026,-4.354505618960392,Final Prediction = 5.2915 + (3.1948 * ARIMA) + (-9.4290 * TabPFN)
Botswana,2027,-4.590385882955279,Final Prediction = 5.2915 + (3.1948 * ARIMA) + (-9.4290 * TabPFN)
Brazil,2024,1.047877837027524,Final Prediction = -0.7531 + (1.2583 * ARIMA) + (0.8622 * TabPFN)
Brazil,2025,1.1701732725208878,Final Prediction = -0.7531 + (1.2583 * ARIMA) + (0.8622 * TabPFN)
Brazil,2026,1.3051463917557826,Final Prediction = -0.7531 + (1.2583 * ARIMA) + (0.8622 * TabPFN)
Brazil,2027,1.4643258744112306,Final Prediction = -0.7531 + (1.2583 * ARIMA) + (0.8622 * TabPFN)
Brunei Darussalam,2024,13.066041373339463,Final Prediction = -15.6391 + (-7.5833 * ARIMA) + (35.2360 * TabPFN)
Brunei Darussalam,2025,11.46796800758285,Final Prediction = -15.6391 + (-7.5833 * ARIMA) + (35.2360 * TabPFN)
Brunei Darussalam,2026,12.331681636144605,Final Prediction = -15.6391 + (-7.5833 * ARIMA) + (35.2360 * TabPFN)
Brunei Darussalam,2027,12.025423260068614,Final Prediction = -15.6391 + (-7.5833 * ARIMA) + (35.2360 * TabPFN)
Bulgaria,2024,1.608878300140519,Final Prediction = 2.0587 + (-0.4370 * ARIMA) + (-4.7835 * TabPFN)
Bulgaria,2025,1.5798180565042386,Final Prediction = 2.0587 + (-0.4370 * ARIMA) + (-4.7835 * TabPFN)
Bulgaria,2026,1.580623518415463,Final Prediction = 2.0587 + (-0.4370 * ARIMA) + (-4.7835 * TabPFN)
Bulgaria,2027,1.558380249981333,Final Prediction = 2.0587 + (-0.4370 * ARIMA) + (-4.7835 * TabPFN)
Burkina Faso,2024,3.048956595076579,Final Prediction = -0.7979 + (-1.0605 * ARIMA) + (3.9678 * TabPFN)
Burkina Faso,2025,3.0106724530858635,Final Prediction = -0.7979 + (-1.0605 * ARIMA) + (3.9678 * TabPFN)
Burkina Faso,2026,3.0257894369390614,Final Prediction = -0.7979 + (-1.0605 * ARIMA) + (3.9678 * TabPFN)
Burkina Faso,2027,3.046572228660563,Final Prediction = -0.7979 + (-1.0605 * ARIMA) + (3.9678 * TabPFN)
Burundi,2024,4.5952904862387,Final Prediction = 1.5611 + (-0.0296 * ARIMA) + (1.1719 * TabPFN)
Burundi,2025,4.619561412115001,Final Prediction = 1.5611 + (-0.0296 * ARIMA) + (1.1719 * TabPFN)
Burundi,2026,4.6124480281097044,Final Prediction = 1.5611 + (-0.0296 * ARIMA) + (1.1719 * TabPFN)
Burundi,2027,4.6482294413739,Final Prediction = 1.5611 + (-0.0296 * ARIMA) + (1.1719 * TabPFN)
Cabo Verde,2024,-3.4677683076058052,Final Prediction = -1.6106 + (0.1309 * ARIMA) + (1.5881 * TabPFN)
Cabo Verde,2025,-3.49019737310174,Final Prediction = -1.6106 + (0.1309 * ARIMA) + (1.5881 * TabPFN)
Cabo Verde,2026,-3.4853622076491098,Final Prediction = -1.6106 + (0.1309 * ARIMA) + (1.5881 * TabPFN)
Cabo Verde,2027,-3.4807592398043097,Final Prediction = -1.6106 + (0.1309 * ARIMA) + (1.5881 * TabPFN)
Cambodia,2024,9.372331502326439,Final Prediction = -6.1874 + (-2.5400 * ARIMA) + (13.7421 * TabPFN)
Cambodia,2025,8.917700402337239,Final Prediction = -6.1874 + (-2.5400 * ARIMA) + (13.7421 * TabPFN)
Cambodia,2026,8.722438764865894,Final Prediction = -6.1874 + (-2.5400 * ARIMA) + (13.7421 * TabPFN)
Cambodia,2027,8.534462110078454,Final Prediction = -6.1874 + (-2.5400 * ARIMA) + (13.7421 * TabPFN)
Cameroon,2024,-1.2965066607814606,Final Prediction = 3.3658 + (2.1046 * ARIMA) + (-7.8457 * TabPFN)
Cameroon,2025,-1.1979705085886931,Final Prediction = 3.3658 + (2.1046 * ARIMA) + (-7.8457 * TabPFN)
Cameroon,2026,-1.1445107786270117,Final Prediction = 3.3658 + (2.1046 * ARIMA) + (-7.8457 * TabPFN)
Cameroon,2027,-1.1112085663829734,Final Prediction = 3.3658 + (2.1046 * ARIMA) + (-7.8457 * TabPFN)
Canada,2024,0.8033981486991735,Final Prediction = 5.4959 + (-0.4184 * ARIMA) + (-8.5033 * TabPFN)
Canada,2025,0.7977487772945437,Final Prediction = 5.4959 + (-0.4184 * ARIMA) + (-8.5033 * TabPFN)
Canada,2026,0.8120922867164309,Final Prediction = 5.4959 + (-0.4184 * ARIMA) + (-8.5033 * TabPFN)
Canada,2027,0.812207736896756,Final Prediction = 5.4959 + (-0.4184 * ARIMA) + (-8.5033 * TabPFN)
Central African Republic,2024,44.301221686150555,Final Prediction = -9.8879 + (-5.8974 * ARIMA) + (26.5530 * TabPFN)
Central African Republic,2025,44.47722607664343,Final Prediction = -9.8879 + (-5.8974 * ARIMA) + (26.5530 * TabPFN)
Central African Republic,2026,44.18981047498114,Final Prediction = -9.8879 + (-5.8974 * ARIMA) + (26.5530 * TabPFN)
Central African Republic,2027,43.838317024837416,Final Prediction = -9.8879 + (-5.8974 * ARIMA) + (26.5530 * TabPFN)
Chad,2024,4.97136177502966,Final Prediction = -1.2103 + (-0.2447 * ARIMA) + (3.7825 * TabPFN)
Chad,2025,4.874581707569192,Final Prediction = -1.2103 + (-0.2447 * ARIMA) + (3.7825 * TabPFN)
Chad,2026,4.888048751589831,Final Prediction = -1.2103 + (-0.2447 * ARIMA) + (3.7825 * TabPFN)
Chad,2027,4.832900032430157,Final Prediction = -1.2103 + (-0.2447 * ARIMA) + (3.7825 * TabPFN)
Chile,2024,0.3319694517828311,Final Prediction = 1.1335 + (-0.1370 * ARIMA) + (-1.5636 * TabPFN)
Chile,2025,0.3192886888038077,Final Prediction = 1.1335 + (-0.1370 * ARIMA) + (-1.5636 * TabPFN)
Chile,2026,0.32351730769755926,Final Prediction = 1.1335 + (-0.1370 * ARIMA) + (-1.5636 * TabPFN)
Chile,2027,0.32272495267482326,Final Prediction = 1.1335 + (-0.1370 * ARIMA) + (-1.5636 * TabPFN)
China,2024,1.96169034117717,Final Prediction = -2.0137 + (0.1675 * ARIMA) + (4.6249 * TabPFN)
China,2025,2.0217014501513653,Final Prediction = -2.0137 + (0.1675 * ARIMA) + (4.6249 * TabPFN)
China,2026,2.033597050552219,Final Prediction = -2.0137 + (0.1675 * ARIMA) + (4.6249 * TabPFN)
China,2027,2.040888637589414,Final Prediction = -2.0137 + (0.1675 * ARIMA) + (4.6249 * TabPFN)
"China, Hong Kong SAR",2024,14.552999528360083,Final Prediction = 4.0404 + (-0.8510 * ARIMA) + (4.0986 * TabPFN)
"China, Hong Kong SAR",2025,14.54745660112933,Final Prediction = 4.0404 + (-0.8510 * ARIMA) + (4.0986 * TabPFN)
"China, Hong Kong SAR",2026,14.626037217529852,Final Prediction = 4.0404 + (-0.8510 * ARIMA) + (4.0986 * TabPFN)
"China, Hong Kong SAR",2027,14.754347088051354,Final Prediction = 4.0404 + (-0.8510 * ARIMA) + (4.0986 * TabPFN)
"China, Macao SAR",2024,-3.641849087923442,Final Prediction = -3.4145 + (-1.1201 * ARIMA) + (2.9290 * TabPFN)
"China, Macao SAR",2025,-3.686212576391643,Final Prediction = -3.4145 + (-1.1201 * ARIMA) + (2.9290 * TabPFN)
"China, Macao SAR",2026,-3.649657343446786,Final Prediction = -3.4145 + (-1.1201 * ARIMA) + (2.9290 * TabPFN)
"China, Macao SAR",2027,-3.77530525154591,Final Prediction = -3.4145 + (-1.1201 * ARIMA) + (2.9290 * TabPFN)
"China, Taiwan Province of",2024,-2.0425100669881076,Final Prediction = -0.5444 + (2.2053 * ARIMA) + (0.6485 * TabPFN)
"China, Taiwan Province of",2025,-2.1120140153070976,Final Prediction = -0.5444 + (2.2053 * ARIMA) + (0.6485 * TabPFN)
"China, Taiwan Province of",2026,-2.0414294318578574,Final Prediction = -0.5444 + (2.2053 * ARIMA) + (0.6485 * TabPFN)
"China, Taiwan Province of",2027,-2.245378427629231,Final Prediction = -0.5444 + (2.2053 * ARIMA) + (0.6485 * TabPFN)
"China, mainland",2024,-0.7614454791510967,Final Prediction = 1.2895 + (1.8866 * ARIMA) + (-3.0508 * TabPFN)
"China, mainland",2025,-0.6176501022935192,Final Prediction = 1.2895 + (1.8866 * ARIMA) + (-3.0508 * TabPFN)
"China, mainland",2026,-0.5621298962127006,Final Prediction = 1.2895 + (1.8866 * ARIMA) + (-3.0508 * TabPFN)
"China, mainland",2027,-0.4617407669361273,Final Prediction = 1.2895 + (1.8866 * ARIMA) + (-3.0508 * TabPFN)
Colombia,2024,1.5437283573677387,Final Prediction = -2.1031 + (-0.3599 * ARIMA) + (4.8082 * TabPFN)
Colombia,2025,1.5617361885734589,Final Prediction = -2.1031 + (-0.3599 * ARIMA) + (4.8082 * TabPFN)
Colombia,2026,1.563019575036468,Final Prediction = -2.1031 + (-0.3599 * ARIMA) + (4.8082 * TabPFN)
Colombia,2027,1.558257280464717,Final Prediction = -2.1031 + (-0.3599 * ARIMA) + (4.8082 * TabPFN)
Comoros,2024,0.2528721926631321,Final Prediction = -1.5367 + (-0.1171 * ARIMA) + (3.6019 * TabPFN)
Comoros,2025,0.24449242651253966,Final Prediction = -1.5367 + (-0.1171 * ARIMA) + (3.6019 * TabPFN)
Comoros,2026,0.24435729296072561,Final Prediction = -1.5367 + (-0.1171 * ARIMA) + (3.6019 * TabPFN)
Comoros,2027,0.24717634756138884,Final Prediction = -1.5367 + (-0.1171 * ARIMA) + (3.6019 * TabPFN)
Congo,2024,0.3003448318776536,Final Prediction = -1.4198 + (-0.6118 * ARIMA) + (3.3641 * TabPFN)
Congo,2025,0.2635825853052549,Final Prediction = -1.4198 + (-0.6118 * ARIMA) + (3.3641 * TabPFN)
Congo,2026,0.28913713542162833,Final Prediction = -1.4198 + (-0.6118 * ARIMA) + (3.3641 * TabPFN)
Congo,2027,0.2928013800747664,Final Prediction = -1.4198 + (-0.6118 * ARIMA) + (3.3641 * TabPFN)
Cook Islands,2024,-1.5104885116878122,Final Prediction = -0.6634 + (0.4862 * ARIMA) + (0.5737 * TabPFN)
Cook Islands,2025,-1.5169906871556535,Final Prediction = -0.6634 + (0.4862 * ARIMA) + (0.5737 * TabPFN)
Cook Islands,2026,-1.5202281465192702,Final Prediction = -0.6634 + (0.4862 * ARIMA) + (0.5737 * TabPFN)
Cook Islands,2027,-1.5194176620242432,Final Prediction = -0.6634 + (0.4862 * ARIMA) + (0.5737 * TabPFN)
Costa Rica,2024,-0.24011506362765522,Final Prediction = -1.1166 + (-0.6017 * ARIMA) + (2.0868 * TabPFN)
Costa Rica,2025,-0.28925809069671915,Final Prediction = -1.1166 + (-0.6017 * ARIMA) + (2.0868 * TabPFN)
Costa Rica,2026,-0.28712953753286474,Final Prediction = -1.1166 + (-0.6017 * ARIMA) + (2.0868 * TabPFN)
Costa Rica,2027,-0.3050984335128548,Final Prediction = -1.1166 + (-0.6017 * ARIMA) + (2.0868 * TabPFN)
Croatia,2024,-10.487194030359417,Final Prediction = -10.8026 + (-6.0687 * ARIMA) + (26.4331 * TabPFN)
Croatia,2025,-10.016082967086955,Final Prediction = -10.8026 + (-6.0687 * ARIMA) + (26.4331 * TabPFN)
Croatia,2026,-9.875324516659122,Final Prediction = -10.8026 + (-6.0687 * ARIMA) + (26.4331 * TabPFN)
Croatia,2027,-9.769548831452816,Final Prediction = -10.8026 + (-6.0687 * ARIMA) + (26.4331 * TabPFN)
Cuba,2024,1.024018609623261,Final Prediction = 0.8231 + (1.8030 * ARIMA) + (-3.1867 * TabPFN)
Cuba,2025,1.3915269471421206,Final Prediction = 0.8231 + (1.8030 * ARIMA) + (-3.1867 * TabPFN)
Cuba,2026,1.6571663064445796,Final Prediction = 0.8231 + (1.8030 * ARIMA) + (-3.1867 * TabPFN)
Cuba,2027,1.8668270989982032,Final Prediction = 0.8231 + (1.8030 * ARIMA) + (-3.1867 * TabPFN)
Cyprus,2024,-0.16958014017457412,Final Prediction = 0.5986 + (0.8547 * ARIMA) + (-1.0122 * TabPFN)
Cyprus,2025,-0.17434553213824755,Final Prediction = 0.5986 + (0.8547 * ARIMA) + (-1.0122 * TabPFN)
Cyprus,2026,-0.19728748492301085,Final Prediction = 0.5986 + (0.8547 * ARIMA) + (-1.0122 * TabPFN)
Cyprus,2027,-0.21909202883362316,Final Prediction = 0.5986 + (0.8547 * ARIMA) + (-1.0122 * TabPFN)
Czechia,2024,0.9105274885504379,Final Prediction = 1.2542 + (0.0783 * ARIMA) + (-5.1357 * TabPFN)
Czechia,2025,0.9096437064807676,Final Prediction = 1.2542 + (0.0783 * ARIMA) + (-5.1357 * TabPFN)
Czechia,2026,0.9139993740007635,Final Prediction = 1.2542 + (0.0783 * ARIMA) + (-5.1357 * TabPFN)
Czechia,2027,0.9091559895355673,Final Prediction = 1.2542 + (0.0783 * ARIMA) + (-5.1357 * TabPFN)
C么te d'Ivoire,2024,0.8034766666111472,Final Prediction = -0.2476 + (1.1325 * ARIMA) + (0.0017 * TabPFN)
C么te d'Ivoire,2025,0.8987956153090236,Final Prediction = -0.2476 + (1.1325 * ARIMA) + (0.0017 * TabPFN)
C么te d'Ivoire,2026,0.9475245718457884,Final Prediction = -0.2476 + (1.1325 * ARIMA) + (0.0017 * TabPFN)
C么te d'Ivoire,2027,0.9827588009197014,Final Prediction = -0.2476 + (1.1325 * ARIMA) + (0.0017 * TabPFN)
Democratic People's Republic of Korea,2024,3.5831103544657212,Final Prediction = 3.0683 + (0.8053 * ARIMA) + (-9.6567 * TabPFN)
Democratic People's Republic of Korea,2025,3.609496324549587,Final Prediction = 3.0683 + (0.8053 * ARIMA) + (-9.6567 * TabPFN)
Democratic People's Republic of Korea,2026,3.485612694079229,Final Prediction = 3.0683 + (0.8053 * ARIMA) + (-9.6567 * TabPFN)
Democratic People's Republic of Korea,2027,3.5684007627083805,Final Prediction = 3.0683 + (0.8053 * ARIMA) + (-9.6567 * TabPFN)
Democratic Republic of the Congo,2024,1.96160478239371,Final Prediction = -1.1357 + (0.1279 * ARIMA) + (2.8791 * TabPFN)
Democratic Republic of the Congo,2025,1.9683604787448619,Final Prediction = -1.1357 + (0.1279 * ARIMA) + (2.8791 * TabPFN)
Democratic Republic of the Congo,2026,1.9683621368171837,Final Prediction = -1.1357 + (0.1279 * ARIMA) + (2.8791 * TabPFN)
Democratic Republic of the Congo,2027,1.9664816772444305,Final Prediction = -1.1357 + (0.1279 * ARIMA) + (2.8791 * TabPFN)
Denmark,2024,1.9147662211603882,Final Prediction = 1.2083 + (-0.3429 * ARIMA) + (-3.8583 * TabPFN)
Denmark,2025,1.6081992973398127,Final Prediction = 1.2083 + (-0.3429 * ARIMA) + (-3.8583 * TabPFN)
Denmark,2026,1.6166222334100535,Final Prediction = 1.2083 + (-0.3429 * ARIMA) + (-3.8583 * TabPFN)
Denmark,2027,1.6348332023744259,Final Prediction = 1.2083 + (-0.3429 * ARIMA) + (-3.8583 * TabPFN)
Djibouti,2024,1.6150788435492351,Final Prediction = 2.4629 + (0.1610 * ARIMA) + (-0.5751 * TabPFN)
Djibouti,2025,1.5960303452830233,Final Prediction = 2.4629 + (0.1610 * ARIMA) + (-0.5751 * TabPFN)
Djibouti,2026,1.5776447427763598,Final Prediction = 2.4629 + (0.1610 * ARIMA) + (-0.5751 * TabPFN)
Djibouti,2027,1.5661865979637544,Final Prediction = 2.4629 + (0.1610 * ARIMA) + (-0.5751 * TabPFN)
Dominica,2024,-0.27982917047125605,Final Prediction = -0.2763 + (0.2939 * ARIMA) + (0.5444 * TabPFN)
Dominica,2025,-0.28302222718903947,Final Prediction = -0.2763 + (0.2939 * ARIMA) + (0.5444 * TabPFN)
Dominica,2026,-0.2913391182663659,Final Prediction = -0.2763 + (0.2939 * ARIMA) + (0.5444 * TabPFN)
Dominica,2027,-0.2993027383872454,Final Prediction = -0.2763 + (0.2939 * ARIMA) + (0.5444 * TabPFN)
Dominican Republic,2024,17.294845894991155,Final Prediction = -5.5195 + (-0.2815 * ARIMA) + (10.0272 * TabPFN)
Dominican Republic,2025,17.890459116423628,Final Prediction = -5.5195 + (-0.2815 * ARIMA) + (10.0272 * TabPFN)
Dominican Republic,2026,17.89136741142529,Final Prediction = -5.5195 + (-0.2815 * ARIMA) + (10.0272 * TabPFN)
Dominican Republic,2027,17.845574191984323,Final Prediction = -5.5195 + (-0.2815 * ARIMA) + (10.0272 * TabPFN)
Ecuador,2024,-0.33087375948773734,Final Prediction = 0.5936 + (1.0324 * ARIMA) + (-1.1230 * TabPFN)
Ecuador,2025,-0.2659419961213578,Final Prediction = 0.5936 + (1.0324 * ARIMA) + (-1.1230 * TabPFN)
Ecuador,2026,-0.3623363596422939,Final Prediction = 0.5936 + (1.0324 * ARIMA) + (-1.1230 * TabPFN)
Ecuador,2027,-0.3441895402894457,Final Prediction = 0.5936 + (1.0324 * ARIMA) + (-1.1230 * TabPFN)
Egypt,2024,0.6866118170407396,Final Prediction = -0.1919 + (0.4590 * ARIMA) + (0.9373 * TabPFN)
Egypt,2025,0.7251079061903102,Final Prediction = -0.1919 + (0.4590 * ARIMA) + (0.9373 * TabPFN)
Egypt,2026,0.7825591798932874,Final Prediction = -0.1919 + (0.4590 * ARIMA) + (0.9373 * TabPFN)
Egypt,2027,0.7921122817483609,Final Prediction = -0.1919 + (0.4590 * ARIMA) + (0.9373 * TabPFN)
El Salvador,2024,-0.33956644110797773,Final Prediction = -2.0602 + (-0.6593 * ARIMA) + (4.8495 * TabPFN)
El Salvador,2025,-0.3850987047965322,Final Prediction = -2.0602 + (-0.6593 * ARIMA) + (4.8495 * TabPFN)
El Salvador,2026,-0.3674813059693205,Final Prediction = -2.0602 + (-0.6593 * ARIMA) + (4.8495 * TabPFN)
El Salvador,2027,-0.3694354743257975,Final Prediction = -2.0602 + (-0.6593 * ARIMA) + (4.8495 * TabPFN)
Equatorial Guinea,2024,0.10914746396551367,Final Prediction = 4.0381 + (1.6553 * ARIMA) + (-8.5143 * TabPFN)
Equatorial Guinea,2025,0.04254154607526006,Final Prediction = 4.0381 + (1.6553 * ARIMA) + (-8.5143 * TabPFN)
Equatorial Guinea,2026,-0.049803792996137464,Final Prediction = 4.0381 + (1.6553 * ARIMA) + (-8.5143 * TabPFN)
Equatorial Guinea,2027,-0.13579574017530405,Final Prediction = 4.0381 + (1.6553 * ARIMA) + (-8.5143 * TabPFN)
Eritrea,2024,-0.1385100633861298,Final Prediction = 0.0088 + (0.6884 * ARIMA) + (0.1374 * TabPFN)
Eritrea,2025,-0.14201900008254903,Final Prediction = 0.0088 + (0.6884 * ARIMA) + (0.1374 * TabPFN)
Eritrea,2026,-0.15841927888791404,Final Prediction = 0.0088 + (0.6884 * ARIMA) + (0.1374 * TabPFN)
Eritrea,2027,-0.17487371281183683,Final Prediction = 0.0088 + (0.6884 * ARIMA) + (0.1374 * TabPFN)
Estonia,2024,-1.693078908700699,Final Prediction = -1.3109 + (-0.9445 * ARIMA) + (3.4021 * TabPFN)
Estonia,2025,-1.975197148454435,Final Prediction = -1.3109 + (-0.9445 * ARIMA) + (3.4021 * TabPFN)
Estonia,2026,-2.03420052310662,Final Prediction = -1.3109 + (-0.9445 * ARIMA) + (3.4021 * TabPFN)
Estonia,2027,-2.3554920845745406,Final Prediction = -1.3109 + (-0.9445 * ARIMA) + (3.4021 * TabPFN)
Eswatini,2024,-0.3309788291804716,Final Prediction = -2.3719 + (-1.4244 * ARIMA) + (5.5866 * TabPFN)
Eswatini,2025,-0.5454113795009423,Final Prediction = -2.3719 + (-1.4244 * ARIMA) + (5.5866 * TabPFN)
Eswatini,2026,-0.599879586318441,Final Prediction = -2.3719 + (-1.4244 * ARIMA) + (5.5866 * TabPFN)
Eswatini,2027,-0.6070568553639124,Final Prediction = -2.3719 + (-1.4244 * ARIMA) + (5.5866 * TabPFN)
Ethiopia,2024,-0.19671129567457468,Final Prediction = 1.9043 + (0.3295 * ARIMA) + (-2.0976 * TabPFN)
Ethiopia,2025,-0.2063772106461763,Final Prediction = 1.9043 + (0.3295 * ARIMA) + (-2.0976 * TabPFN)
Ethiopia,2026,-0.19251822297419197,Final Prediction = 1.9043 + (0.3295 * ARIMA) + (-2.0976 * TabPFN)
Ethiopia,2027,-0.22199502824965855,Final Prediction = 1.9043 + (0.3295 * ARIMA) + (-2.0976 * TabPFN)
Faroe Islands,2024,1.3227695288011398,Final Prediction = -5.3060 + (-1.0973 * ARIMA) + (12.6865 * TabPFN)
Faroe Islands,2025,1.2664780652847147,Final Prediction = -5.3060 + (-1.0973 * ARIMA) + (12.6865 * TabPFN)
Faroe Islands,2026,1.3245865682875824,Final Prediction = -5.3060 + (-1.0973 * ARIMA) + (12.6865 * TabPFN)
Faroe Islands,2027,1.3288718497489374,Final Prediction = -5.3060 + (-1.0973 * ARIMA) + (12.6865 * TabPFN)
Fiji,2024,-2.5318896005774985,Final Prediction = 0.8260 + (2.7764 * ARIMA) + (-3.3607 * TabPFN)
Fiji,2025,-2.8821053069341955,Final Prediction = 0.8260 + (2.7764 * ARIMA) + (-3.3607 * TabPFN)
Fiji,2026,-3.0819229967115866,Final Prediction = 0.8260 + (2.7764 * ARIMA) + (-3.3607 * TabPFN)
Fiji,2027,-3.352784999453374,Final Prediction = 0.8260 + (2.7764 * ARIMA) + (-3.3607 * TabPFN)
Finland,2024,-1.3089143041003095,Final Prediction = -2.0676 + (-0.9102 * ARIMA) + (3.9263 * TabPFN)
Finland,2025,-1.3180346533783505,Final Prediction = -2.0676 + (-0.9102 * ARIMA) + (3.9263 * TabPFN)
Finland,2026,-1.3558322558413933,Final Prediction = -2.0676 + (-0.9102 * ARIMA) + (3.9263 * TabPFN)
Finland,2027,-1.3532953791756521,Final Prediction = -2.0676 + (-0.9102 * ARIMA) + (3.9263 * TabPFN)
France,2024,-1.570047104869214,Final Prediction = -2.7545 + (-1.1860 * ARIMA) + (5.2136 * TabPFN)
France,2025,-1.608558920200988,Final Prediction = -2.7545 + (-1.1860 * ARIMA) + (5.2136 * TabPFN)
France,2026,-1.609936458694907,Final Prediction = -2.7545 + (-1.1860 * ARIMA) + (5.2136 * TabPFN)
France,2027,-1.593576588015224,Final Prediction = -2.7545 + (-1.1860 * ARIMA) + (5.2136 * TabPFN)
French Polynesia,2024,0.07149867253386888,Final Prediction = 2.9138 + (2.6857 * ARIMA) + (-6.9343 * TabPFN)
French Polynesia,2025,0.19321752353959742,Final Prediction = 2.9138 + (2.6857 * ARIMA) + (-6.9343 * TabPFN)
French Polynesia,2026,0.16345351388416307,Final Prediction = 2.9138 + (2.6857 * ARIMA) + (-6.9343 * TabPFN)
French Polynesia,2027,0.10058551528566673,Final Prediction = 2.9138 + (2.6857 * ARIMA) + (-6.9343 * TabPFN)
Gabon,2024,-0.9742385946905507,Final Prediction = 4.4847 + (3.3048 * ARIMA) + (-10.9568 * TabPFN)
Gabon,2025,-0.8088421764914608,Final Prediction = 4.4847 + (3.3048 * ARIMA) + (-10.9568 * TabPFN)
Gabon,2026,-0.7269263605008498,Final Prediction = 4.4847 + (3.3048 * ARIMA) + (-10.9568 * TabPFN)
Gabon,2027,-0.6629616332750787,Final Prediction = 4.4847 + (3.3048 * ARIMA) + (-10.9568 * TabPFN)
Gambia,2024,-1.380079445598322,Final Prediction = -2.7208 + (-0.1304 * ARIMA) + (-1.0306 * TabPFN)
Gambia,2025,-1.4060513953728504,Final Prediction = -2.7208 + (-0.1304 * ARIMA) + (-1.0306 * TabPFN)
Gambia,2026,-1.4124724662278874,Final Prediction = -2.7208 + (-0.1304 * ARIMA) + (-1.0306 * TabPFN)
Gambia,2027,-1.4213521379288214,Final Prediction = -2.7208 + (-0.1304 * ARIMA) + (-1.0306 * TabPFN)
Georgia,2024,0.577848282039248,Final Prediction = 0.3553 + (0.1381 * ARIMA) + (0.3222 * TabPFN)
Georgia,2025,0.5615883405890794,Final Prediction = 0.3553 + (0.1381 * ARIMA) + (0.3222 * TabPFN)
Georgia,2026,0.5629837669449564,Final Prediction = 0.3553 + (0.1381 * ARIMA) + (0.3222 * TabPFN)
Georgia,2027,0.5515799553019457,Final Prediction = 0.3553 + (0.1381 * ARIMA) + (0.3222 * TabPFN)
Germany,2024,-1.5919084190841266,Final Prediction = -1.3914 + (-0.1509 * ARIMA) + (2.5232 * TabPFN)
Germany,2025,-1.5847593965169953,Final Prediction = -1.3914 + (-0.1509 * ARIMA) + (2.5232 * TabPFN)
Germany,2026,-1.5777556278757332,Final Prediction = -1.3914 + (-0.1509 * ARIMA) + (2.5232 * TabPFN)
Germany,2027,-1.580196272036235,Final Prediction = -1.3914 + (-0.1509 * ARIMA) + (2.5232 * TabPFN)
Ghana,2024,-3.166035375662398,Final Prediction = 2.4877 + (2.0228 * ARIMA) + (-5.0051 * TabPFN)
Ghana,2025,-2.9846401587244493,Final Prediction = 2.4877 + (2.0228 * ARIMA) + (-5.0051 * TabPFN)
Ghana,2026,-2.8909724988389343,Final Prediction = 2.4877 + (2.0228 * ARIMA) + (-5.0051 * TabPFN)
Ghana,2027,-2.7904884453483145,Final Prediction = 2.4877 + (2.0228 * ARIMA) + (-5.0051 * TabPFN)
Greece,2024,-5.028997742734923,Final Prediction = -8.5734 + (-1.7827 * ARIMA) + (20.8936 * TabPFN)
Greece,2025,-4.885822135591658,Final Prediction = -8.5734 + (-1.7827 * ARIMA) + (20.8936 * TabPFN)
Greece,2026,-4.753326682613354,Final Prediction = -8.5734 + (-1.7827 * ARIMA) + (20.8936 * TabPFN)
Greece,2027,-4.9161345969642625,Final Prediction = -8.5734 + (-1.7827 * ARIMA) + (20.8936 * TabPFN)
Grenada,2024,-3.659005662737557,Final Prediction = -3.6272 + (-1.3878 * ARIMA) + (7.1855 * TabPFN)
Grenada,2025,-3.7616935167296246,Final Prediction = -3.6272 + (-1.3878 * ARIMA) + (7.1855 * TabPFN)
Grenada,2026,-3.783613273059637,Final Prediction = -3.6272 + (-1.3878 * ARIMA) + (7.1855 * TabPFN)
Grenada,2027,-3.785842660054287,Final Prediction = -3.6272 + (-1.3878 * ARIMA) + (7.1855 * TabPFN)
Guatemala,2024,2.6912815245783492,Final Prediction = -2.0992 + (-1.6002 * ARIMA) + (6.5951 * TabPFN)
Guatemala,2025,2.5845111791443185,Final Prediction = -2.0992 + (-1.6002 * ARIMA) + (6.5951 * TabPFN)
Guatemala,2026,2.4972491739102796,Final Prediction = -2.0992 + (-1.6002 * ARIMA) + (6.5951 * TabPFN)
Guatemala,2027,2.3209424568356347,Final Prediction = -2.0992 + (-1.6002 * ARIMA) + (6.5951 * TabPFN)
Guinea,2024,5.402012754697041,Final Prediction = -0.1044 + (0.3568 * ARIMA) + (1.5477 * TabPFN)
Guinea,2025,5.627681666722306,Final Prediction = -0.1044 + (0.3568 * ARIMA) + (1.5477 * TabPFN)
Guinea,2026,5.740934606853725,Final Prediction = -0.1044 + (0.3568 * ARIMA) + (1.5477 * TabPFN)
Guinea,2027,5.831552001668518,Final Prediction = -0.1044 + (0.3568 * ARIMA) + (1.5477 * TabPFN)
Guinea-Bissau,2024,-0.15280399765046604,Final Prediction = 0.8581 + (1.0509 * ARIMA) + (-1.3745 * TabPFN)
Guinea-Bissau,2025,-0.05735039722162938,Final Prediction = 0.8581 + (1.0509 * ARIMA) + (-1.3745 * TabPFN)
Guinea-Bissau,2026,-0.00019341031064223912,Final Prediction = 0.8581 + (1.0509 * ARIMA) + (-1.3745 * TabPFN)
Guinea-Bissau,2027,0.04639874910500996,Final Prediction = 0.8581 + (1.0509 * ARIMA) + (-1.3745 * TabPFN)
Guyana,2024,0.655713205532453,Final Prediction = 0.4952 + (-0.5919 * ARIMA) + (0.3793 * TabPFN)
Guyana,2025,0.6289007052843225,Final Prediction = 0.4952 + (-0.5919 * ARIMA) + (0.3793 * TabPFN)
Guyana,2026,0.6233823737616163,Final Prediction = 0.4952 + (-0.5919 * ARIMA) + (0.3793 * TabPFN)
Guyana,2027,0.621936502569157,Final Prediction = 0.4952 + (-0.5919 * ARIMA) + (0.3793 * TabPFN)
Haiti,2024,-4.553238614283686,Final Prediction = -2.5083 + (-0.6156 * ARIMA) + (3.4106 * TabPFN)
Haiti,2025,-4.564208911611867,Final Prediction = -2.5083 + (-0.6156 * ARIMA) + (3.4106 * TabPFN)
Haiti,2026,-4.560928092625662,Final Prediction = -2.5083 + (-0.6156 * ARIMA) + (3.4106 * TabPFN)
Haiti,2027,-4.579237720162057,Final Prediction = -2.5083 + (-0.6156 * ARIMA) + (3.4106 * TabPFN)
Honduras,2024,-0.28282627854495335,Final Prediction = 2.1070 + (0.5988 * ARIMA) + (-3.3076 * TabPFN)
Honduras,2025,-0.4109326563365614,Final Prediction = 2.1070 + (0.5988 * ARIMA) + (-3.3076 * TabPFN)
Honduras,2026,-0.4109894542955357,Final Prediction = 2.1070 + (0.5988 * ARIMA) + (-3.3076 * TabPFN)
Honduras,2027,-0.45269855130941217,Final Prediction = 2.1070 + (0.5988 * ARIMA) + (-3.3076 * TabPFN)
Hungary,2024,-2.834544266945842,Final Prediction = -1.7751 + (0.1314 * ARIMA) + (4.1913 * TabPFN)
Hungary,2025,-2.9218518531209017,Final Prediction = -1.7751 + (0.1314 * ARIMA) + (4.1913 * TabPFN)
Hungary,2026,-2.954399773797658,Final Prediction = -1.7751 + (0.1314 * ARIMA) + (4.1913 * TabPFN)
Hungary,2027,-2.8807305589917713,Final Prediction = -1.7751 + (0.1314 * ARIMA) + (4.1913 * TabPFN)
Iceland,2024,-0.1599285826603396,Final Prediction = -2.1531 + (-1.1637 * ARIMA) + (4.8260 * TabPFN)
Iceland,2025,-0.1379770757792642,Final Prediction = -2.1531 + (-1.1637 * ARIMA) + (4.8260 * TabPFN)
Iceland,2026,-0.07649471889509907,Final Prediction = -2.1531 + (-1.1637 * ARIMA) + (4.8260 * TabPFN)
Iceland,2027,-0.022368236937275743,Final Prediction = -2.1531 + (-1.1637 * ARIMA) + (4.8260 * TabPFN)
India,2024,4.2707819379625995,Final Prediction = -1.3099 + (0.3035 * ARIMA) + (2.8940 * TabPFN)
India,2025,4.346933095300744,Final Prediction = -1.3099 + (0.3035 * ARIMA) + (2.8940 * TabPFN)
India,2026,4.381607451248036,Final Prediction = -1.3099 + (0.3035 * ARIMA) + (2.8940 * TabPFN)
India,2027,4.392822858942396,Final Prediction = -1.3099 + (0.3035 * ARIMA) + (2.8940 * TabPFN)
Indonesia,2024,5.013470086456538,Final Prediction = -3.9224 + (-0.8585 * ARIMA) + (8.5536 * TabPFN)
Indonesia,2025,4.956340666531901,Final Prediction = -3.9224 + (-0.8585 * ARIMA) + (8.5536 * TabPFN)
Indonesia,2026,4.948531352499037,Final Prediction = -3.9224 + (-0.8585 * ARIMA) + (8.5536 * TabPFN)
Indonesia,2027,4.9413860941904,Final Prediction = -3.9224 + (-0.8585 * ARIMA) + (8.5536 * TabPFN)
Iran (Islamic Republic of),2024,0.07130827659638705,Final Prediction = -0.0314 + (0.4282 * ARIMA) + (-1.8088 * TabPFN)
Iran (Islamic Republic of),2025,0.05915394062283996,Final Prediction = -0.0314 + (0.4282 * ARIMA) + (-1.8088 * TabPFN)
Iran (Islamic Republic of),2026,0.06996323505663465,Final Prediction = -0.0314 + (0.4282 * ARIMA) + (-1.8088 * TabPFN)
Iran (Islamic Republic of),2027,0.0639866150589275,Final Prediction = -0.0314 + (0.4282 * ARIMA) + (-1.8088 * TabPFN)
Iraq,2024,1.3556235741730154,Final Prediction = 1.0480 + (0.4354 * ARIMA) + (0.3952 * TabPFN)
Iraq,2025,1.3042431958080682,Final Prediction = 1.0480 + (0.4354 * ARIMA) + (0.3952 * TabPFN)
Iraq,2026,1.2881827026966233,Final Prediction = 1.0480 + (0.4354 * ARIMA) + (0.3952 * TabPFN)
Iraq,2027,1.2916078109144473,Final Prediction = 1.0480 + (0.4354 * ARIMA) + (0.3952 * TabPFN)
Ireland,2024,0.7833378709132084,Final Prediction = 0.8224 + (0.2026 * ARIMA) + (-0.0938 * TabPFN)
Ireland,2025,0.7931108660046586,Final Prediction = 0.8224 + (0.2026 * ARIMA) + (-0.0938 * TabPFN)
Ireland,2026,0.7934139811927959,Final Prediction = 0.8224 + (0.2026 * ARIMA) + (-0.0938 * TabPFN)
Ireland,2027,0.792055859148284,Final Prediction = 0.8224 + (0.2026 * ARIMA) + (-0.0938 * TabPFN)
Israel,2024,0.21023977243272918,Final Prediction = -1.1703 + (0.3130 * ARIMA) + (2.7578 * TabPFN)
Israel,2025,0.2049438254182423,Final Prediction = -1.1703 + (0.3130 * ARIMA) + (2.7578 * TabPFN)
Israel,2026,0.21413142518382244,Final Prediction = -1.1703 + (0.3130 * ARIMA) + (2.7578 * TabPFN)
Israel,2027,0.2435888428734443,Final Prediction = -1.1703 + (0.3130 * ARIMA) + (2.7578 * TabPFN)
Italy,2024,-1.5605497002433342,Final Prediction = 1.1885 + (3.7685 * ARIMA) + (-2.1322 * TabPFN)
Italy,2025,-1.4575911896175284,Final Prediction = 1.1885 + (3.7685 * ARIMA) + (-2.1322 * TabPFN)
Italy,2026,-1.483086744391669,Final Prediction = 1.1885 + (3.7685 * ARIMA) + (-2.1322 * TabPFN)
Italy,2027,-1.506111750830291,Final Prediction = 1.1885 + (3.7685 * ARIMA) + (-2.1322 * TabPFN)
Jamaica,2024,-1.759275812003164,Final Prediction = 3.4155 + (2.0642 * ARIMA) + (-7.5942 * TabPFN)
Jamaica,2025,-1.812699329552684,Final Prediction = 3.4155 + (2.0642 * ARIMA) + (-7.5942 * TabPFN)
Jamaica,2026,-1.8493768113432671,Final Prediction = 3.4155 + (2.0642 * ARIMA) + (-7.5942 * TabPFN)
Jamaica,2027,-1.9028026226073562,Final Prediction = 3.4155 + (2.0642 * ARIMA) + (-7.5942 * TabPFN)
Japan,2024,1.3184348516034354,Final Prediction = 3.3686 + (0.9582 * ARIMA) + (-9.0991 * TabPFN)
Japan,2025,1.348171620967014,Final Prediction = 3.3686 + (0.9582 * ARIMA) + (-9.0991 * TabPFN)
Japan,2026,1.3224503918639643,Final Prediction = 3.3686 + (0.9582 * ARIMA) + (-9.0991 * TabPFN)
Japan,2027,1.335502391177189,Final Prediction = 3.3686 + (0.9582 * ARIMA) + (-9.0991 * TabPFN)
Jordan,2024,-5.144146722423301,Final Prediction = 6.7690 + (5.2651 * ARIMA) + (-15.9584 * TabPFN)
Jordan,2025,-4.51936476259459,Final Prediction = 6.7690 + (5.2651 * ARIMA) + (-15.9584 * TabPFN)
Jordan,2026,-3.8255350033574427,Final Prediction = 6.7690 + (5.2651 * ARIMA) + (-15.9584 * TabPFN)
Jordan,2027,-3.753738417550501,Final Prediction = 6.7690 + (5.2651 * ARIMA) + (-15.9584 * TabPFN)
Kazakhstan,2024,0.5559900444989195,Final Prediction = 1.4394 + (-0.0677 * ARIMA) + (-3.0330 * TabPFN)
Kazakhstan,2025,0.5158745486087608,Final Prediction = 1.4394 + (-0.0677 * ARIMA) + (-3.0330 * TabPFN)
Kazakhstan,2026,0.51741082143494,Final Prediction = 1.4394 + (-0.0677 * ARIMA) + (-3.0330 * TabPFN)
Kazakhstan,2027,0.6077180973662553,Final Prediction = 1.4394 + (-0.0677 * ARIMA) + (-3.0330 * TabPFN)
Kenya,2024,4.183476095928803,Final Prediction = 0.4006 + (-1.7505 * ARIMA) + (3.9110 * TabPFN)
Kenya,2025,4.241149709684409,Final Prediction = 0.4006 + (-1.7505 * ARIMA) + (3.9110 * TabPFN)
Kenya,2026,4.196076391059036,Final Prediction = 0.4006 + (-1.7505 * ARIMA) + (3.9110 * TabPFN)
Kenya,2027,4.139331041245395,Final Prediction = 0.4006 + (-1.7505 * ARIMA) + (3.9110 * TabPFN)
Kiribati,2024,-0.2957537425998397,Final Prediction = -0.1902 + (-0.0663 * ARIMA) + (-0.6093 * TabPFN)
Kiribati,2025,-0.3033737583967725,Final Prediction = -0.1902 + (-0.0663 * ARIMA) + (-0.6093 * TabPFN)
Kiribati,2026,-0.3012546534145635,Final Prediction = -0.1902 + (-0.0663 * ARIMA) + (-0.6093 * TabPFN)
Kiribati,2027,-0.3005997924300997,Final Prediction = -0.1902 + (-0.0663 * ARIMA) + (-0.6093 * TabPFN)
Kuwait,2024,2.276293374972575,Final Prediction = -3.2716 + (0.0522 * ARIMA) + (5.5402 * TabPFN)
Kuwait,2025,2.3112964768725344,Final Prediction = -3.2716 + (0.0522 * ARIMA) + (5.5402 * TabPFN)
Kuwait,2026,2.329177758655959,Final Prediction = -3.2716 + (0.0522 * ARIMA) + (5.5402 * TabPFN)
Kuwait,2027,2.349942789877022,Final Prediction = -3.2716 + (0.0522 * ARIMA) + (5.5402 * TabPFN)
Kyrgyzstan,2024,-0.6261877178885911,Final Prediction = 2.3965 + (0.5380 * ARIMA) + (-3.7596 * TabPFN)
Kyrgyzstan,2025,-0.6034259299376301,Final Prediction = 2.3965 + (0.5380 * ARIMA) + (-3.7596 * TabPFN)
Kyrgyzstan,2026,-0.5882516395823201,Final Prediction = 2.3965 + (0.5380 * ARIMA) + (-3.7596 * TabPFN)
Kyrgyzstan,2027,-0.5768539058978002,Final Prediction = 2.3965 + (0.5380 * ARIMA) + (-3.7596 * TabPFN)
Lao People's Democratic Republic,2024,6.5038995225646605,Final Prediction = -3.5230 + (-0.8265 * ARIMA) + (8.5849 * TabPFN)
Lao People's Democratic Republic,2025,7.353187044461378,Final Prediction = -3.5230 + (-0.8265 * ARIMA) + (8.5849 * TabPFN)
Lao People's Democratic Republic,2026,7.561501692166284,Final Prediction = -3.5230 + (-0.8265 * ARIMA) + (8.5849 * TabPFN)
Lao People's Democratic Republic,2027,7.602637916782237,Final Prediction = -3.5230 + (-0.8265 * ARIMA) + (8.5849 * TabPFN)
Latvia,2024,-5.049364921042961,Final Prediction = -4.5336 + (-0.6079 * ARIMA) + (9.1517 * TabPFN)
Latvia,2025,-5.182949788209217,Final Prediction = -4.5336 + (-0.6079 * ARIMA) + (9.1517 * TabPFN)
Latvia,2026,-5.205006136498463,Final Prediction = -4.5336 + (-0.6079 * ARIMA) + (9.1517 * TabPFN)
Latvia,2027,-5.165244543463325,Final Prediction = -4.5336 + (-0.6079 * ARIMA) + (9.1517 * TabPFN)
Lebanon,2024,-0.2569682586434487,Final Prediction = -0.3207 + (0.0630 * ARIMA) + (0.4562 * TabPFN)
Lebanon,2025,-0.28727672365704726,Final Prediction = -0.3207 + (0.0630 * ARIMA) + (0.4562 * TabPFN)
Lebanon,2026,-0.2903706426016261,Final Prediction = -0.3207 + (0.0630 * ARIMA) + (0.4562 * TabPFN)
Lebanon,2027,-0.2993608477066096,Final Prediction = -0.3207 + (0.0630 * ARIMA) + (0.4562 * TabPFN)
Lesotho,2024,1.2302479150839485,Final Prediction = 5.2940 + (0.9404 * ARIMA) + (-13.2597 * TabPFN)
Lesotho,2025,1.4082814782619781,Final Prediction = 5.2940 + (0.9404 * ARIMA) + (-13.2597 * TabPFN)
Lesotho,2026,1.9001999592293055,Final Prediction = 5.2940 + (0.9404 * ARIMA) + (-13.2597 * TabPFN)
Lesotho,2027,1.423082975591679,Final Prediction = 5.2940 + (0.9404 * ARIMA) + (-13.2597 * TabPFN)
Liberia,2024,-0.3635925660932062,Final Prediction = -0.9749 + (-0.0836 * ARIMA) + (1.9426 * TabPFN)
Liberia,2025,-0.37192442383427504,Final Prediction = -0.9749 + (-0.0836 * ARIMA) + (1.9426 * TabPFN)
Liberia,2026,-0.3754915173845448,Final Prediction = -0.9749 + (-0.0836 * ARIMA) + (1.9426 * TabPFN)
Liberia,2027,-0.3627411025345869,Final Prediction = -0.9749 + (-0.0836 * ARIMA) + (1.9426 * TabPFN)
Libya,2024,-3.1467631978336357,Final Prediction = 11.8055 + (8.0697 * ARIMA) + (-27.8083 * TabPFN)
Libya,2025,-3.043262336436598,Final Prediction = 11.8055 + (8.0697 * ARIMA) + (-27.8083 * TabPFN)
Libya,2026,-3.1961187676567846,Final Prediction = 11.8055 + (8.0697 * ARIMA) + (-27.8083 * TabPFN)
Libya,2027,-3.4122378734560623,Final Prediction = 11.8055 + (8.0697 * ARIMA) + (-27.8083 * TabPFN)
Lithuania,2024,-0.2983135324126893,Final Prediction = -0.2912 + (0.0075 * ARIMA) + (0.1198 * TabPFN)
Lithuania,2025,-0.3004091957761993,Final Prediction = -0.2912 + (0.0075 * ARIMA) + (0.1198 * TabPFN)
Lithuania,2026,-0.30107849763118993,Final Prediction = -0.2912 + (0.0075 * ARIMA) + (0.1198 * TabPFN)
Lithuania,2027,-0.300779608417295,Final Prediction = -0.2912 + (0.0075 * ARIMA) + (0.1198 * TabPFN)
Luxembourg,2024,1.1312265368485304,Final Prediction = -1.8155 + (0.1509 * ARIMA) + (3.5390 * TabPFN)
Luxembourg,2025,1.1308713479194792,Final Prediction = -1.8155 + (0.1509 * ARIMA) + (3.5390 * TabPFN)
Luxembourg,2026,1.091385567456381,Final Prediction = -1.8155 + (0.1509 * ARIMA) + (3.5390 * TabPFN)
Luxembourg,2027,1.1078783535349859,Final Prediction = -1.8155 + (0.1509 * ARIMA) + (3.5390 * TabPFN)
Madagascar,2024,2.4276966273344223,Final Prediction = -3.1583 + (-0.7382 * ARIMA) + (7.6567 * TabPFN)
Madagascar,2025,2.446665299190672,Final Prediction = -3.1583 + (-0.7382 * ARIMA) + (7.6567 * TabPFN)
Madagascar,2026,2.4865269187579235,Final Prediction = -3.1583 + (-0.7382 * ARIMA) + (7.6567 * TabPFN)
Madagascar,2027,2.5019489862282294,Final Prediction = -3.1583 + (-0.7382 * ARIMA) + (7.6567 * TabPFN)
Malawi,2024,0.3963265197642829,Final Prediction = 0.9571 + (1.0011 * ARIMA) + (-1.0819 * TabPFN)
Malawi,2025,0.6289884605317022,Final Prediction = 0.9571 + (1.0011 * ARIMA) + (-1.0819 * TabPFN)
Malawi,2026,0.6638448137634314,Final Prediction = 0.9571 + (1.0011 * ARIMA) + (-1.0819 * TabPFN)
Malawi,2027,0.7459804080228696,Final Prediction = 0.9571 + (1.0011 * ARIMA) + (-1.0819 * TabPFN)
Malaysia,2024,-0.3094365024882282,Final Prediction = 2.5898 + (1.6034 * ARIMA) + (-6.3262 * TabPFN)
Malaysia,2025,-0.2921276103784205,Final Prediction = 2.5898 + (1.6034 * ARIMA) + (-6.3262 * TabPFN)
Malaysia,2026,-0.31328457189463643,Final Prediction = 2.5898 + (1.6034 * ARIMA) + (-6.3262 * TabPFN)
Malaysia,2027,-0.3532981893346743,Final Prediction = 2.5898 + (1.6034 * ARIMA) + (-6.3262 * TabPFN)
Maldives,2024,1.7087971244732456,Final Prediction = 4.8335 + (3.6225 * ARIMA) + (-12.2126 * TabPFN)
Maldives,2025,1.4526913735136227,Final Prediction = 4.8335 + (3.6225 * ARIMA) + (-12.2126 * TabPFN)
Maldives,2026,1.6489000472042,Final Prediction = 4.8335 + (3.6225 * ARIMA) + (-12.2126 * TabPFN)
Maldives,2027,1.825786561597375,Final Prediction = 4.8335 + (3.6225 * ARIMA) + (-12.2126 * TabPFN)
Mali,2024,13.214541661624281,Final Prediction = -2.3892 + (-2.3114 * ARIMA) + (9.4995 * TabPFN)
Mali,2025,12.926291163308214,Final Prediction = -2.3892 + (-2.3114 * ARIMA) + (9.4995 * TabPFN)
Mali,2026,12.699054634403485,Final Prediction = -2.3892 + (-2.3114 * ARIMA) + (9.4995 * TabPFN)
Mali,2027,12.530505217686905,Final Prediction = -2.3892 + (-2.3114 * ARIMA) + (9.4995 * TabPFN)
Malta,2024,0.9913983223422655,Final Prediction = -1.7993 + (0.1760 * ARIMA) + (-3.2719 * TabPFN)
Malta,2025,0.9946029072725522,Final Prediction = -1.7993 + (0.1760 * ARIMA) + (-3.2719 * TabPFN)
Malta,2026,0.9964636931559467,Final Prediction = -1.7993 + (0.1760 * ARIMA) + (-3.2719 * TabPFN)
Malta,2027,1.0002352496853835,Final Prediction = -1.7993 + (0.1760 * ARIMA) + (-3.2719 * TabPFN)
Marshall Islands,2024,5.2193564873761265,Final Prediction = 5.0570 + (-0.1064 * ARIMA) + (0.1134 * TabPFN)
Marshall Islands,2025,5.3168838786944,Final Prediction = 5.0570 + (-0.1064 * ARIMA) + (0.1134 * TabPFN)
Marshall Islands,2026,5.378501935442422,Final Prediction = 5.0570 + (-0.1064 * ARIMA) + (0.1134 * TabPFN)
Marshall Islands,2027,5.417754508009725,Final Prediction = 5.0570 + (-0.1064 * ARIMA) + (0.1134 * TabPFN)
Mauritania,2024,3.868475211820265,Final Prediction = -2.7068 + (-0.2974 * ARIMA) + (5.9882 * TabPFN)
Mauritania,2025,3.8907587771073757,Final Prediction = -2.7068 + (-0.2974 * ARIMA) + (5.9882 * TabPFN)
Mauritania,2026,3.882464790721366,Final Prediction = -2.7068 + (-0.2974 * ARIMA) + (5.9882 * TabPFN)
Mauritania,2027,3.8690894436012946,Final Prediction = -2.7068 + (-0.2974 * ARIMA) + (5.9882 * TabPFN)
Mauritius,2024,-1.3384634466047312,Final Prediction = -1.0384 + (0.2156 * ARIMA) + (0.7550 * TabPFN)
Mauritius,2025,-1.362888983491266,Final Prediction = -1.0384 + (0.2156 * ARIMA) + (0.7550 * TabPFN)
Mauritius,2026,-1.3165220427444686,Final Prediction = -1.0384 + (0.2156 * ARIMA) + (0.7550 * TabPFN)
Mauritius,2027,-1.310106417227269,Final Prediction = -1.0384 + (0.2156 * ARIMA) + (0.7550 * TabPFN)
Mexico,2024,1.6994395345599793,Final Prediction = -1.9312 + (1.0379 * ARIMA) + (2.8253 * TabPFN)
Mexico,2025,1.8434225103230788,Final Prediction = -1.9312 + (1.0379 * ARIMA) + (2.8253 * TabPFN)
Mexico,2026,1.8794461347707214,Final Prediction = -1.9312 + (1.0379 * ARIMA) + (2.8253 * TabPFN)
Mexico,2027,1.909148034283243,Final Prediction = -1.9312 + (1.0379 * ARIMA) + (2.8253 * TabPFN)
Micronesia (Federated States of),2024,0.5667708833944521,Final Prediction = 0.7567 + (0.4256 * ARIMA) + (-0.3698 * TabPFN)
Micronesia (Federated States of),2025,0.5968060897118757,Final Prediction = 0.7567 + (0.4256 * ARIMA) + (-0.3698 * TabPFN)
Micronesia (Federated States of),2026,0.6135766466184898,Final Prediction = 0.7567 + (0.4256 * ARIMA) + (-0.3698 * TabPFN)
Micronesia (Federated States of),2027,0.6246814139276371,Final Prediction = 0.7567 + (0.4256 * ARIMA) + (-0.3698 * TabPFN)
Mongolia,2024,3.921991031154099,Final Prediction = 3.4016 + (-0.4886 * ARIMA) + (0.6147 * TabPFN)
Mongolia,2025,4.1146634127973325,Final Prediction = 3.4016 + (-0.4886 * ARIMA) + (0.6147 * TabPFN)
Mongolia,2026,4.035003588796018,Final Prediction = 3.4016 + (-0.4886 * ARIMA) + (0.6147 * TabPFN)
Mongolia,2027,4.165654966104288,Final Prediction = 3.4016 + (-0.4886 * ARIMA) + (0.6147 * TabPFN)
Morocco,2024,0.39645384899987846,Final Prediction = -1.7847 + (-2.0150 * ARIMA) + (5.0558 * TabPFN)
Morocco,2025,0.5464456517562257,Final Prediction = -1.7847 + (-2.0150 * ARIMA) + (5.0558 * TabPFN)
Morocco,2026,0.5341401002438195,Final Prediction = -1.7847 + (-2.0150 * ARIMA) + (5.0558 * TabPFN)
Morocco,2027,0.600542088533593,Final Prediction = -1.7847 + (-2.0150 * ARIMA) + (5.0558 * TabPFN)
Mozambique,2024,31.197778515206014,Final Prediction = -6.7127 + (-2.5630 * ARIMA) + (13.9413 * TabPFN)
Mozambique,2025,30.924018477523994,Final Prediction = -6.7127 + (-2.5630 * ARIMA) + (13.9413 * TabPFN)
Mozambique,2026,30.766222747192693,Final Prediction = -6.7127 + (-2.5630 * ARIMA) + (13.9413 * TabPFN)
Mozambique,2027,30.641639178664178,Final Prediction = -6.7127 + (-2.5630 * ARIMA) + (13.9413 * TabPFN)
Myanmar,2024,-1.8181843960001756,Final Prediction = -1.4281 + (0.0461 * ARIMA) + (0.4490 * TabPFN)
Myanmar,2025,-1.831338208438671,Final Prediction = -1.4281 + (0.0461 * ARIMA) + (0.4490 * TabPFN)
Myanmar,2026,-1.8354744739202036,Final Prediction = -1.4281 + (0.0461 * ARIMA) + (0.4490 * TabPFN)
Myanmar,2027,-1.8367154368540661,Final Prediction = -1.4281 + (0.0461 * ARIMA) + (0.4490 * TabPFN)
Namibia,2024,-2.676499373965073,Final Prediction = 3.5468 + (1.2163 * ARIMA) + (-8.8768 * TabPFN)
Namibia,2025,-2.8063955417538975,Final Prediction = 3.5468 + (1.2163 * ARIMA) + (-8.8768 * TabPFN)
Namibia,2026,-2.8179363643848108,Final Prediction = 3.5468 + (1.2163 * ARIMA) + (-8.8768 * TabPFN)
Namibia,2027,-2.9786353157121623,Final Prediction = 3.5468 + (1.2163 * ARIMA) + (-8.8768 * TabPFN)
Nauru,2024,0.18861931603093196,Final Prediction = 0.1331 + (-0.3728 * ARIMA) + (-0.3321 * TabPFN)
Nauru,2025,0.18751187709148637,Final Prediction = 0.1331 + (-0.3728 * ARIMA) + (-0.3321 * TabPFN)
Nauru,2026,0.19441885823764016,Final Prediction = 0.1331 + (-0.3728 * ARIMA) + (-0.3321 * TabPFN)
Nauru,2027,0.2016011433015762,Final Prediction = 0.1331 + (-0.3728 * ARIMA) + (-0.3321 * TabPFN)
Nepal,2024,1.9543126013635284,Final Prediction = -0.4668 + (-0.0037 * ARIMA) + (2.0586 * TabPFN)
Nepal,2025,1.9564887559137154,Final Prediction = -0.4668 + (-0.0037 * ARIMA) + (2.0586 * TabPFN)
Nepal,2026,1.9548777370031996,Final Prediction = -0.4668 + (-0.0037 * ARIMA) + (2.0586 * TabPFN)
Nepal,2027,1.9550869305950982,Final Prediction = -0.4668 + (-0.0037 * ARIMA) + (2.0586 * TabPFN)
Netherlands (Kingdom of the),2024,0.3262377822234609,Final Prediction = 1.0802 + (0.4948 * ARIMA) + (-2.7783 * TabPFN)
Netherlands (Kingdom of the),2025,0.39047788058763516,Final Prediction = 1.0802 + (0.4948 * ARIMA) + (-2.7783 * TabPFN)
Netherlands (Kingdom of the),2026,0.36987531251447187,Final Prediction = 1.0802 + (0.4948 * ARIMA) + (-2.7783 * TabPFN)
Netherlands (Kingdom of the),2027,0.37171757824947144,Final Prediction = 1.0802 + (0.4948 * ARIMA) + (-2.7783 * TabPFN)
New Caledonia,2024,-0.9503182890667903,Final Prediction = -0.4276 + (0.6372 * ARIMA) + (0.7430 * TabPFN)
New Caledonia,2025,-0.9571067696214927,Final Prediction = -0.4276 + (0.6372 * ARIMA) + (0.7430 * TabPFN)
New Caledonia,2026,-0.9841515187557817,Final Prediction = -0.4276 + (0.6372 * ARIMA) + (0.7430 * TabPFN)
New Caledonia,2027,-1.0001153563784413,Final Prediction = -0.4276 + (0.6372 * ARIMA) + (0.7430 * TabPFN)
New Zealand,2024,-0.012479487987231752,Final Prediction = 0.3053 + (0.1788 * ARIMA) + (-0.7370 * TabPFN)
New Zealand,2025,-0.02205743842245403,Final Prediction = 0.3053 + (0.1788 * ARIMA) + (-0.7370 * TabPFN)
New Zealand,2026,-0.02692355832648516,Final Prediction = 0.3053 + (0.1788 * ARIMA) + (-0.7370 * TabPFN)
New Zealand,2027,-0.030062517285370793,Final Prediction = 0.3053 + (0.1788 * ARIMA) + (-0.7370 * TabPFN)
Nicaragua,2024,12.022076786373868,Final Prediction = -4.9556 + (-4.1222 * ARIMA) + (15.1236 * TabPFN)
Nicaragua,2025,11.674739247253855,Final Prediction = -4.9556 + (-4.1222 * ARIMA) + (15.1236 * TabPFN)
Nicaragua,2026,11.655930286631413,Final Prediction = -4.9556 + (-4.1222 * ARIMA) + (15.1236 * TabPFN)
Nicaragua,2027,11.610250774111261,Final Prediction = -4.9556 + (-4.1222 * ARIMA) + (15.1236 * TabPFN)
Niger,2024,1.6070966599966048,Final Prediction = 3.8234 + (-2.1471 * ARIMA) + (0.0194 * TabPFN)
Niger,2025,2.116409687243495,Final Prediction = 3.8234 + (-2.1471 * ARIMA) + (0.0194 * TabPFN)
Niger,2026,1.983890574109714,Final Prediction = 3.8234 + (-2.1471 * ARIMA) + (0.0194 * TabPFN)
Niger,2027,2.3167764812214604,Final Prediction = 3.8234 + (-2.1471 * ARIMA) + (0.0194 * TabPFN)
Nigeria,2024,0.9109591041148237,Final Prediction = -0.0573 + (0.6807 * ARIMA) + (0.5730 * TabPFN)
Nigeria,2025,0.8756308256486008,Final Prediction = -0.0573 + (0.6807 * ARIMA) + (0.5730 * TabPFN)
Nigeria,2026,0.861443598739139,Final Prediction = -0.0573 + (0.6807 * ARIMA) + (0.5730 * TabPFN)
Nigeria,2027,0.8093541423955932,Final Prediction = -0.0573 + (0.6807 * ARIMA) + (0.5730 * TabPFN)
Niue,2024,-0.3602763969072784,Final Prediction = -0.2822 + (0.3765 * ARIMA) + (0.5006 * TabPFN)
Niue,2025,-0.35751827141507436,Final Prediction = -0.2822 + (0.3765 * ARIMA) + (0.5006 * TabPFN)
Niue,2026,-0.36397423458759703,Final Prediction = -0.2822 + (0.3765 * ARIMA) + (0.5006 * TabPFN)
Niue,2027,-0.36906618318367423,Final Prediction = -0.2822 + (0.3765 * ARIMA) + (0.5006 * TabPFN)
North Macedonia,2024,10.407280839088816,Final Prediction = 1.8836 + (-2.4125 * ARIMA) + (-9.9745 * TabPFN)
North Macedonia,2025,11.342952007302145,Final Prediction = 1.8836 + (-2.4125 * ARIMA) + (-9.9745 * TabPFN)
North Macedonia,2026,11.208876562100988,Final Prediction = 1.8836 + (-2.4125 * ARIMA) + (-9.9745 * TabPFN)
North Macedonia,2027,11.130104081100557,Final Prediction = 1.8836 + (-2.4125 * ARIMA) + (-9.9745 * TabPFN)
Norway,2024,1.4392376180761854,Final Prediction = 1.4420 + (-0.0439 * ARIMA) + (-4.2037 * TabPFN)
Norway,2025,1.4496050544917258,Final Prediction = 1.4420 + (-0.0439 * ARIMA) + (-4.2037 * TabPFN)
Norway,2026,1.449425856489709,Final Prediction = 1.4420 + (-0.0439 * ARIMA) + (-4.2037 * TabPFN)
Norway,2027,1.4497711705244427,Final Prediction = 1.4420 + (-0.0439 * ARIMA) + (-4.2037 * TabPFN)
Oman,2024,29.13419810599443,Final Prediction = 0.7260 + (-2.8735 * ARIMA) + (10.8509 * TabPFN)
Oman,2025,29.470198900305064,Final Prediction = 0.7260 + (-2.8735 * ARIMA) + (10.8509 * TabPFN)
Oman,2026,29.05067446339786,Final Prediction = 0.7260 + (-2.8735 * ARIMA) + (10.8509 * TabPFN)
Oman,2027,29.962604312791814,Final Prediction = 0.7260 + (-2.8735 * ARIMA) + (10.8509 * TabPFN)
Pakistan,2024,9.21516800934117,Final Prediction = -3.9755 + (-1.6430 * ARIMA) + (9.8447 * TabPFN)
Pakistan,2025,8.934081871070864,Final Prediction = -3.9755 + (-1.6430 * ARIMA) + (9.8447 * TabPFN)
Pakistan,2026,8.779234185106725,Final Prediction = -3.9755 + (-1.6430 * ARIMA) + (9.8447 * TabPFN)
Pakistan,2027,8.669328395723975,Final Prediction = -3.9755 + (-1.6430 * ARIMA) + (9.8447 * TabPFN)
Panama,2024,3.673035893919661,Final Prediction = -3.0734 + (-2.2561 * ARIMA) + (8.8262 * TabPFN)
Panama,2025,3.1390110479566724,Final Prediction = -3.0734 + (-2.2561 * ARIMA) + (8.8262 * TabPFN)
Panama,2026,3.0147160599045684,Final Prediction = -3.0734 + (-2.2561 * ARIMA) + (8.8262 * TabPFN)
Panama,2027,2.9884749184496946,Final Prediction = -3.0734 + (-2.2561 * ARIMA) + (8.8262 * TabPFN)
Papua New Guinea,2024,0.01717002787704114,Final Prediction = -0.5309 + (-0.5384 * ARIMA) + (1.0872 * TabPFN)
Papua New Guinea,2025,-0.020357124501026447,Final Prediction = -0.5309 + (-0.5384 * ARIMA) + (1.0872 * TabPFN)
Papua New Guinea,2026,-0.04260941936248325,Final Prediction = -0.5309 + (-0.5384 * ARIMA) + (1.0872 * TabPFN)
Papua New Guinea,2027,-0.04150923930146677,Final Prediction = -0.5309 + (-0.5384 * ARIMA) + (1.0872 * TabPFN)
Paraguay,2024,1.2407785085696525,Final Prediction = 0.0306 + (-2.6639 * ARIMA) + (2.0403 * TabPFN)
Paraguay,2025,3.228939074613237,Final Prediction = 0.0306 + (-2.6639 * ARIMA) + (2.0403 * TabPFN)
Paraguay,2026,2.2344041513029174,Final Prediction = 0.0306 + (-2.6639 * ARIMA) + (2.0403 * TabPFN)
Paraguay,2027,1.1801690108283345,Final Prediction = 0.0306 + (-2.6639 * ARIMA) + (2.0403 * TabPFN)
Peru,2024,-3.8927862226912193,Final Prediction = 2.9653 + (2.1914 * ARIMA) + (-6.1341 * TabPFN)
Peru,2025,-3.6068124565841018,Final Prediction = 2.9653 + (2.1914 * ARIMA) + (-6.1341 * TabPFN)
Peru,2026,-3.5098437142694445,Final Prediction = 2.9653 + (2.1914 * ARIMA) + (-6.1341 * TabPFN)
Peru,2027,-3.3760754530203094,Final Prediction = 2.9653 + (2.1914 * ARIMA) + (-6.1341 * TabPFN)
Philippines,2024,-0.10453586094315681,Final Prediction = 2.4834 + (2.3780 * ARIMA) + (-6.3121 * TabPFN)
Philippines,2025,0.04195460149145869,Final Prediction = 2.4834 + (2.3780 * ARIMA) + (-6.3121 * TabPFN)
Philippines,2026,0.12635725165737655,Final Prediction = 2.4834 + (2.3780 * ARIMA) + (-6.3121 * TabPFN)
Philippines,2027,0.18929608984166268,Final Prediction = 2.4834 + (2.3780 * ARIMA) + (-6.3121 * TabPFN)
Poland,2024,0.09129828760806435,Final Prediction = 0.4758 + (0.5385 * ARIMA) + (-0.4615 * TabPFN)
Poland,2025,0.07595457222306518,Final Prediction = 0.4758 + (0.5385 * ARIMA) + (-0.4615 * TabPFN)
Poland,2026,0.046895896587550334,Final Prediction = 0.4758 + (0.5385 * ARIMA) + (-0.4615 * TabPFN)
Poland,2027,0.01695993733655249,Final Prediction = 0.4758 + (0.5385 * ARIMA) + (-0.4615 * TabPFN)
Portugal,2024,-0.27832581637190845,Final Prediction = 1.3999 + (0.9845 * ARIMA) + (-1.5328 * TabPFN)
Portugal,2025,-0.1311989693439124,Final Prediction = 1.3999 + (0.9845 * ARIMA) + (-1.5328 * TabPFN)
Portugal,2026,-0.2054670055490455,Final Prediction = 1.3999 + (0.9845 * ARIMA) + (-1.5328 * TabPFN)
Portugal,2027,-0.2967477052127536,Final Prediction = 1.3999 + (0.9845 * ARIMA) + (-1.5328 * TabPFN)
Puerto Rico,2024,-1.3383809851258957,Final Prediction = -1.3286 + (-0.1790 * ARIMA) + (2.2062 * TabPFN)
Puerto Rico,2025,-1.3025984537529403,Final Prediction = -1.3286 + (-0.1790 * ARIMA) + (2.2062 * TabPFN)
Puerto Rico,2026,-1.2829647448748251,Final Prediction = -1.3286 + (-0.1790 * ARIMA) + (2.2062 * TabPFN)
Puerto Rico,2027,-1.2779924799476907,Final Prediction = -1.3286 + (-0.1790 * ARIMA) + (2.2062 * TabPFN)
Qatar,2024,-1.481923058833301,Final Prediction = 2.1464 + (1.3059 * ARIMA) + (-2.2748 * TabPFN)
Qatar,2025,-1.4344820441478845,Final Prediction = 2.1464 + (1.3059 * ARIMA) + (-2.2748 * TabPFN)
Qatar,2026,-1.6248976001707511,Final Prediction = 2.1464 + (1.3059 * ARIMA) + (-2.2748 * TabPFN)
Qatar,2027,-1.7702592293633348,Final Prediction = 2.1464 + (1.3059 * ARIMA) + (-2.2748 * TabPFN)
Republic of Korea,2024,0.09376574039643391,Final Prediction = 0.0354 + (-0.3545 * ARIMA) + (-0.5422 * TabPFN)
Republic of Korea,2025,0.0908876906300594,Final Prediction = 0.0354 + (-0.3545 * ARIMA) + (-0.5422 * TabPFN)
Republic of Korea,2026,0.09651144984347518,Final Prediction = 0.0354 + (-0.3545 * ARIMA) + (-0.5422 * TabPFN)
Republic of Korea,2027,0.10268869851388575,Final Prediction = 0.0354 + (-0.3545 * ARIMA) + (-0.5422 * TabPFN)
Republic of Moldova,2024,0.27458519798650416,Final Prediction = -0.7324 + (-1.0140 * ARIMA) + (1.2203 * TabPFN)
Republic of Moldova,2025,0.20819419631526215,Final Prediction = -0.7324 + (-1.0140 * ARIMA) + (1.2203 * TabPFN)
Republic of Moldova,2026,0.23010032209873627,Final Prediction = -0.7324 + (-1.0140 * ARIMA) + (1.2203 * TabPFN)
Republic of Moldova,2027,0.3187767669441171,Final Prediction = -0.7324 + (-1.0140 * ARIMA) + (1.2203 * TabPFN)
Romania,2024,-10.9316668673458,Final Prediction = -9.1869 + (-3.2409 * ARIMA) + (23.1783 * TabPFN)
Romania,2025,-11.328114257898733,Final Prediction = -9.1869 + (-3.2409 * ARIMA) + (23.1783 * TabPFN)
Romania,2026,-11.232817605740493,Final Prediction = -9.1869 + (-3.2409 * ARIMA) + (23.1783 * TabPFN)
Romania,2027,-11.487948214842596,Final Prediction = -9.1869 + (-3.2409 * ARIMA) + (23.1783 * TabPFN)
Russian Federation,2024,12.627933600659919,Final Prediction = -9.0771 + (-1.9632 * ARIMA) + (19.5824 * TabPFN)
Russian Federation,2025,10.914129378290612,Final Prediction = -9.0771 + (-1.9632 * ARIMA) + (19.5824 * TabPFN)
Russian Federation,2026,10.442070046639662,Final Prediction = -9.0771 + (-1.9632 * ARIMA) + (19.5824 * TabPFN)
Russian Federation,2027,10.28286513092666,Final Prediction = -9.0771 + (-1.9632 * ARIMA) + (19.5824 * TabPFN)
Rwanda,2024,4.739013007500799,Final Prediction = -2.3692 + (-1.3797 * ARIMA) + (6.8256 * TabPFN)
Rwanda,2025,4.817094314327775,Final Prediction = -2.3692 + (-1.3797 * ARIMA) + (6.8256 * TabPFN)
Rwanda,2026,4.884684966954227,Final Prediction = -2.3692 + (-1.3797 * ARIMA) + (6.8256 * TabPFN)
Rwanda,2027,4.951715351437965,Final Prediction = -2.3692 + (-1.3797 * ARIMA) + (6.8256 * TabPFN)
Saint Kitts and Nevis,2024,-0.4922645044276084,Final Prediction = -0.5861 + (0.8876 * ARIMA) + (1.1975 * TabPFN)
Saint Kitts and Nevis,2025,-0.4844830804561413,Final Prediction = -0.5861 + (0.8876 * ARIMA) + (1.1975 * TabPFN)
Saint Kitts and Nevis,2026,-0.49917118824768214,Final Prediction = -0.5861 + (0.8876 * ARIMA) + (1.1975 * TabPFN)
Saint Kitts and Nevis,2027,-0.5170769050501606,Final Prediction = -0.5861 + (0.8876 * ARIMA) + (1.1975 * TabPFN)
Saint Lucia,2024,4.403132509711383,Final Prediction = 1.9048 + (2.0203 * ARIMA) + (-10.1719 * TabPFN)
Saint Lucia,2025,5.685583835263257,Final Prediction = 1.9048 + (2.0203 * ARIMA) + (-10.1719 * TabPFN)
Saint Lucia,2026,6.4806933047294395,Final Prediction = 1.9048 + (2.0203 * ARIMA) + (-10.1719 * TabPFN)
Saint Lucia,2027,7.030628583630747,Final Prediction = 1.9048 + (2.0203 * ARIMA) + (-10.1719 * TabPFN)
Saint Vincent and the Grenadines,2024,-2.7787695563290065,Final Prediction = -1.9491 + (-0.4998 * ARIMA) + (3.5067 * TabPFN)
Saint Vincent and the Grenadines,2025,-2.789929769410672,Final Prediction = -1.9491 + (-0.4998 * ARIMA) + (3.5067 * TabPFN)
Saint Vincent and the Grenadines,2026,-2.79695492846387,Final Prediction = -1.9491 + (-0.4998 * ARIMA) + (3.5067 * TabPFN)
Saint Vincent and the Grenadines,2027,-2.8009096198038157,Final Prediction = -1.9491 + (-0.4998 * ARIMA) + (3.5067 * TabPFN)
Samoa,2024,0.2868649479811485,Final Prediction = -0.7212 + (0.3172 * ARIMA) + (-2.6059 * TabPFN)
Samoa,2025,0.33355559798854695,Final Prediction = -0.7212 + (0.3172 * ARIMA) + (-2.6059 * TabPFN)
Samoa,2026,0.3638543868792816,Final Prediction = -0.7212 + (0.3172 * ARIMA) + (-2.6059 * TabPFN)
Samoa,2027,0.3875457042666206,Final Prediction = -0.7212 + (0.3172 * ARIMA) + (-2.6059 * TabPFN)
Sao Tome and Principe,2024,0.11871906827193048,Final Prediction = -0.1230 + (1.6191 * ARIMA) + (0.1039 * TabPFN)
Sao Tome and Principe,2025,0.02247355992785232,Final Prediction = -0.1230 + (1.6191 * ARIMA) + (0.1039 * TabPFN)
Sao Tome and Principe,2026,-0.10639516917279929,Final Prediction = -0.1230 + (1.6191 * ARIMA) + (0.1039 * TabPFN)
Sao Tome and Principe,2027,-0.22879118262104498,Final Prediction = -0.1230 + (1.6191 * ARIMA) + (0.1039 * TabPFN)
Saudi Arabia,2024,1.4126253570997163,Final Prediction = 1.6210 + (1.0271 * ARIMA) + (-0.9829 * TabPFN)
Saudi Arabia,2025,1.4703850145728654,Final Prediction = 1.6210 + (1.0271 * ARIMA) + (-0.9829 * TabPFN)
Saudi Arabia,2026,1.4549239249413057,Final Prediction = 1.6210 + (1.0271 * ARIMA) + (-0.9829 * TabPFN)
Saudi Arabia,2027,1.4130039618155,Final Prediction = 1.6210 + (1.0271 * ARIMA) + (-0.9829 * TabPFN)
Senegal,2024,-3.4853231534039306,Final Prediction = 2.8958 + (1.6302 * ARIMA) + (-2.8922 * TabPFN)
Senegal,2025,-3.7253934469953567,Final Prediction = 2.8958 + (1.6302 * ARIMA) + (-2.8922 * TabPFN)
Senegal,2026,-3.9670753918950776,Final Prediction = 2.8958 + (1.6302 * ARIMA) + (-2.8922 * TabPFN)
Senegal,2027,-4.262487506939168,Final Prediction = 2.8958 + (1.6302 * ARIMA) + (-2.8922 * TabPFN)
Seychelles,2024,32.29581163097186,Final Prediction = -2.1431 + (-7.4021 * ARIMA) + (19.1532 * TabPFN)
Seychelles,2025,31.134472165546413,Final Prediction = -2.1431 + (-7.4021 * ARIMA) + (19.1532 * TabPFN)
Seychelles,2026,32.46624788471823,Final Prediction = -2.1431 + (-7.4021 * ARIMA) + (19.1532 * TabPFN)
Seychelles,2027,33.39326074902922,Final Prediction = -2.1431 + (-7.4021 * ARIMA) + (19.1532 * TabPFN)
Sierra Leone,2024,0.04235221907479314,Final Prediction = -3.2796 + (-1.6326 * ARIMA) + (8.0546 * TabPFN)
Sierra Leone,2025,2.5261541154116722,Final Prediction = -3.2796 + (-1.6326 * ARIMA) + (8.0546 * TabPFN)
Sierra Leone,2026,3.142757512635515,Final Prediction = -3.2796 + (-1.6326 * ARIMA) + (8.0546 * TabPFN)
Sierra Leone,2027,2.0621461107030266,Final Prediction = -3.2796 + (-1.6326 * ARIMA) + (8.0546 * TabPFN)
Singapore,2024,0.8993124428242909,Final Prediction = 1.8913 + (0.2727 * ARIMA) + (-0.9204 * TabPFN)
Singapore,2025,0.9157381996604417,Final Prediction = 1.8913 + (0.2727 * ARIMA) + (-0.9204 * TabPFN)
Singapore,2026,0.9047711704395345,Final Prediction = 1.8913 + (0.2727 * ARIMA) + (-0.9204 * TabPFN)
Singapore,2027,0.8833743364880324,Final Prediction = 1.8913 + (0.2727 * ARIMA) + (-0.9204 * TabPFN)
Slovakia,2024,1.3050034587374255,Final Prediction = 1.8762 + (-0.4257 * ARIMA) + (-7.3921 * TabPFN)
Slovakia,2025,1.2474390174012622,Final Prediction = 1.8762 + (-0.4257 * ARIMA) + (-7.3921 * TabPFN)
Slovakia,2026,0.9949380660780263,Final Prediction = 1.8762 + (-0.4257 * ARIMA) + (-7.3921 * TabPFN)
Slovakia,2027,1.0746825285690065,Final Prediction = 1.8762 + (-0.4257 * ARIMA) + (-7.3921 * TabPFN)
Slovenia,2024,-0.18495756683069375,Final Prediction = 0.1392 + (0.5526 * ARIMA) + (-1.1687 * TabPFN)
Slovenia,2025,-0.1326041949418271,Final Prediction = 0.1392 + (0.5526 * ARIMA) + (-1.1687 * TabPFN)
Slovenia,2026,-0.10818982929608714,Final Prediction = 0.1392 + (0.5526 * ARIMA) + (-1.1687 * TabPFN)
Slovenia,2027,-0.09841360637485035,Final Prediction = 0.1392 + (0.5526 * ARIMA) + (-1.1687 * TabPFN)
Solomon Islands,2024,-0.24263048981707208,Final Prediction = -0.8836 + (-0.5397 * ARIMA) + (1.5726 * TabPFN)
Solomon Islands,2025,-0.24756723180539425,Final Prediction = -0.8836 + (-0.5397 * ARIMA) + (1.5726 * TabPFN)
Solomon Islands,2026,-0.2385906491173147,Final Prediction = -0.8836 + (-0.5397 * ARIMA) + (1.5726 * TabPFN)
Solomon Islands,2027,-0.22727277129892726,Final Prediction = -0.8836 + (-0.5397 * ARIMA) + (1.5726 * TabPFN)
Somalia,2024,-0.45388536081139597,Final Prediction = -0.8499 + (-0.0693 * ARIMA) + (1.5837 * TabPFN)
Somalia,2025,-0.44245955629334965,Final Prediction = -0.8499 + (-0.0693 * ARIMA) + (1.5837 * TabPFN)
Somalia,2026,-0.439631262533104,Final Prediction = -0.8499 + (-0.0693 * ARIMA) + (1.5837 * TabPFN)
Somalia,2027,-0.4383878569826128,Final Prediction = -0.8499 + (-0.0693 * ARIMA) + (1.5837 * TabPFN)
South Africa,2024,1.5869920061375655,Final Prediction = -1.8148 + (-0.0406 * ARIMA) + (4.1104 * TabPFN)
South Africa,2025,1.5881741174751942,Final Prediction = -1.8148 + (-0.0406 * ARIMA) + (4.1104 * TabPFN)
South Africa,2026,1.5924501345848927,Final Prediction = -1.8148 + (-0.0406 * ARIMA) + (4.1104 * TabPFN)
South Africa,2027,1.591746740117243,Final Prediction = -1.8148 + (-0.0406 * ARIMA) + (4.1104 * TabPFN)
Spain,2024,0.2263511626945345,Final Prediction = 0.4865 + (0.4495 * ARIMA) + (-1.0100 * TabPFN)
Spain,2025,0.22903767060179755,Final Prediction = 0.4865 + (0.4495 * ARIMA) + (-1.0100 * TabPFN)
Spain,2026,0.22124245294846567,Final Prediction = 0.4865 + (0.4495 * ARIMA) + (-1.0100 * TabPFN)
Spain,2027,0.2142240469095952,Final Prediction = 0.4865 + (0.4495 * ARIMA) + (-1.0100 * TabPFN)
Sri Lanka,2024,0.03807302305262228,Final Prediction = -4.7056 + (-2.3578 * ARIMA) + (10.9221 * TabPFN)
Sri Lanka,2025,0.003809070980109741,Final Prediction = -4.7056 + (-2.3578 * ARIMA) + (10.9221 * TabPFN)
Sri Lanka,2026,-0.09470327996951022,Final Prediction = -4.7056 + (-2.3578 * ARIMA) + (10.9221 * TabPFN)
Sri Lanka,2027,0.04185756456841894,Final Prediction = -4.7056 + (-2.3578 * ARIMA) + (10.9221 * TabPFN)
Suriname,2024,-5.594872664329599,Final Prediction = -1.9441 + (0.0160 * ARIMA) + (3.1050 * TabPFN)
Suriname,2025,-5.612190989586566,Final Prediction = -1.9441 + (0.0160 * ARIMA) + (3.1050 * TabPFN)
Suriname,2026,-5.611841695489447,Final Prediction = -1.9441 + (0.0160 * ARIMA) + (3.1050 * TabPFN)
Suriname,2027,-5.601468785598996,Final Prediction = -1.9441 + (0.0160 * ARIMA) + (3.1050 * TabPFN)
Sweden,2024,-0.5673305813751969,Final Prediction = -1.0467 + (-0.8343 * ARIMA) + (1.4324 * TabPFN)
Sweden,2025,-0.5726551478374419,Final Prediction = -1.0467 + (-0.8343 * ARIMA) + (1.4324 * TabPFN)
Sweden,2026,-0.5777909284529765,Final Prediction = -1.0467 + (-0.8343 * ARIMA) + (1.4324 * TabPFN)
Sweden,2027,-0.5775677431411901,Final Prediction = -1.0467 + (-0.8343 * ARIMA) + (1.4324 * TabPFN)
Switzerland,2024,0.14306755797678553,Final Prediction = 1.1641 + (1.1975 * ARIMA) + (-3.2662 * TabPFN)
Switzerland,2025,0.14614605673599626,Final Prediction = 1.1641 + (1.1975 * ARIMA) + (-3.2662 * TabPFN)
Switzerland,2026,0.1523595235537023,Final Prediction = 1.1641 + (1.1975 * ARIMA) + (-3.2662 * TabPFN)
Switzerland,2027,0.13594157656861333,Final Prediction = 1.1641 + (1.1975 * ARIMA) + (-3.2662 * TabPFN)
Syrian Arab Republic,2024,0.14174288851014438,Final Prediction = 1.3293 + (-0.4263 * ARIMA) + (-1.6795 * TabPFN)
Syrian Arab Republic,2025,-0.045287381830864115,Final Prediction = 1.3293 + (-0.4263 * ARIMA) + (-1.6795 * TabPFN)
Syrian Arab Republic,2026,0.02921592565445219,Final Prediction = 1.3293 + (-0.4263 * ARIMA) + (-1.6795 * TabPFN)
Syrian Arab Republic,2027,-0.011553145161440126,Final Prediction = 1.3293 + (-0.4263 * ARIMA) + (-1.6795 * TabPFN)
Tajikistan,2024,3.400320435238943,Final Prediction = 2.5188 + (0.0410 * ARIMA) + (0.3292 * TabPFN)
Tajikistan,2025,3.4015581524541516,Final Prediction = 2.5188 + (0.0410 * ARIMA) + (0.3292 * TabPFN)
Tajikistan,2026,3.3981951970889264,Final Prediction = 2.5188 + (0.0410 * ARIMA) + (0.3292 * TabPFN)
Tajikistan,2027,3.3989244451140577,Final Prediction = 2.5188 + (0.0410 * ARIMA) + (0.3292 * TabPFN)
Thailand,2024,0.7422291756632058,Final Prediction = 3.8511 + (1.0974 * ARIMA) + (-9.9926 * TabPFN)
Thailand,2025,0.9108644985767032,Final Prediction = 3.8511 + (1.0974 * ARIMA) + (-9.9926 * TabPFN)
Thailand,2026,0.879145110599374,Final Prediction = 3.8511 + (1.0974 * ARIMA) + (-9.9926 * TabPFN)
Thailand,2027,0.9034068049776556,Final Prediction = 3.8511 + (1.0974 * ARIMA) + (-9.9926 * TabPFN)
Timor-Leste,2024,0.29126935222197714,Final Prediction = 4.9629 + (1.9143 * ARIMA) + (-14.6811 * TabPFN)
Timor-Leste,2025,0.757795478001289,Final Prediction = 4.9629 + (1.9143 * ARIMA) + (-14.6811 * TabPFN)
Timor-Leste,2026,0.8048515934227187,Final Prediction = 4.9629 + (1.9143 * ARIMA) + (-14.6811 * TabPFN)
Timor-Leste,2027,0.7798468356611843,Final Prediction = 4.9629 + (1.9143 * ARIMA) + (-14.6811 * TabPFN)
Togo,2024,1.137542818771972,Final Prediction = 0.0473 + (0.9620 * ARIMA) + (0.0451 * TabPFN)
Togo,2025,1.2754579826280141,Final Prediction = 0.0473 + (0.9620 * ARIMA) + (0.0451 * TabPFN)
Togo,2026,1.3211882547528642,Final Prediction = 0.0473 + (0.9620 * ARIMA) + (0.0451 * TabPFN)
Togo,2027,1.381518497784167,Final Prediction = 0.0473 + (0.9620 * ARIMA) + (0.0451 * TabPFN)
Tokelau,2024,0.8801548863866908,Final Prediction = -1.4281 + (-0.4095 * ARIMA) + (3.5391 * TabPFN)
Tokelau,2025,0.870278972163967,Final Prediction = -1.4281 + (-0.4095 * ARIMA) + (3.5391 * TabPFN)
Tokelau,2026,0.8874377992948006,Final Prediction = -1.4281 + (-0.4095 * ARIMA) + (3.5391 * TabPFN)
Tokelau,2027,0.877602816430425,Final Prediction = -1.4281 + (-0.4095 * ARIMA) + (3.5391 * TabPFN)
Tonga,2024,-0.5995649217907707,Final Prediction = 0.4123 + (1.4154 * ARIMA) + (-0.9569 * TabPFN)
Tonga,2025,-0.5388371787152905,Final Prediction = 0.4123 + (1.4154 * ARIMA) + (-0.9569 * TabPFN)
Tonga,2026,-0.5137949697028287,Final Prediction = 0.4123 + (1.4154 * ARIMA) + (-0.9569 * TabPFN)
Tonga,2027,-0.497850619519405,Final Prediction = 0.4123 + (1.4154 * ARIMA) + (-0.9569 * TabPFN)
Trinidad and Tobago,2024,-1.2211277717364528,Final Prediction = -1.4910 + (-0.4625 * ARIMA) + (1.8863 * TabPFN)
Trinidad and Tobago,2025,-1.273109924372499,Final Prediction = -1.4910 + (-0.4625 * ARIMA) + (1.8863 * TabPFN)
Trinidad and Tobago,2026,-1.2625343753292273,Final Prediction = -1.4910 + (-0.4625 * ARIMA) + (1.8863 * TabPFN)
Trinidad and Tobago,2027,-1.2925714911978592,Final Prediction = -1.4910 + (-0.4625 * ARIMA) + (1.8863 * TabPFN)
Tunisia,2024,1.3324133672161536,Final Prediction = -1.1733 + (-2.2054 * ARIMA) + (4.4262 * TabPFN)
Tunisia,2025,1.407051940758525,Final Prediction = -1.1733 + (-2.2054 * ARIMA) + (4.4262 * TabPFN)
Tunisia,2026,1.4444800796057384,Final Prediction = -1.1733 + (-2.2054 * ARIMA) + (4.4262 * TabPFN)
Tunisia,2027,1.5196656893850564,Final Prediction = -1.1733 + (-2.2054 * ARIMA) + (4.4262 * TabPFN)
Turkmenistan,2024,1.1649700455181122,Final Prediction = -0.3304 + (0.1178 * ARIMA) + (1.5445 * TabPFN)
Turkmenistan,2025,1.1884581017996099,Final Prediction = -0.3304 + (0.1178 * ARIMA) + (1.5445 * TabPFN)
Turkmenistan,2026,1.183324243332774,Final Prediction = -0.3304 + (0.1178 * ARIMA) + (1.5445 * TabPFN)
Turkmenistan,2027,1.1808155258144364,Final Prediction = -0.3304 + (0.1178 * ARIMA) + (1.5445 * TabPFN)
Tuvalu,2024,0.7617923807385908,Final Prediction = 0.5722 + (-0.1019 * ARIMA) + (0.2445 * TabPFN)
Tuvalu,2025,0.7623925390688042,Final Prediction = 0.5722 + (-0.1019 * ARIMA) + (0.2445 * TabPFN)
Tuvalu,2026,0.76571025318781,Final Prediction = 0.5722 + (-0.1019 * ARIMA) + (0.2445 * TabPFN)
Tuvalu,2027,0.7686179216799915,Final Prediction = 0.5722 + (-0.1019 * ARIMA) + (0.2445 * TabPFN)
T眉rkiye,2024,7.483422339383899,Final Prediction = -2.8027 + (-1.2667 * ARIMA) + (7.8464 * TabPFN)
T眉rkiye,2025,7.386585769218462,Final Prediction = -2.8027 + (-1.2667 * ARIMA) + (7.8464 * TabPFN)
T眉rkiye,2026,7.363962427621705,Final Prediction = -2.8027 + (-1.2667 * ARIMA) + (7.8464 * TabPFN)
T眉rkiye,2027,7.358848729201551,Final Prediction = -2.8027 + (-1.2667 * ARIMA) + (7.8464 * TabPFN)
Uganda,2024,7.844457021807213,Final Prediction = 1.2342 + (-0.9887 * ARIMA) + (3.7175 * TabPFN)
Uganda,2025,7.6313781295331085,Final Prediction = 1.2342 + (-0.9887 * ARIMA) + (3.7175 * TabPFN)
Uganda,2026,7.664965023195839,Final Prediction = 1.2342 + (-0.9887 * ARIMA) + (3.7175 * TabPFN)
Uganda,2027,7.695058865978101,Final Prediction = 1.2342 + (-0.9887 * ARIMA) + (3.7175 * TabPFN)
Ukraine,2024,1.3790755213489585,Final Prediction = -0.5033 + (-2.1041 * ARIMA) + (2.3054 * TabPFN)
Ukraine,2025,1.1952170169594794,Final Prediction = -0.5033 + (-2.1041 * ARIMA) + (2.3054 * TabPFN)
Ukraine,2026,1.2711735540317297,Final Prediction = -0.5033 + (-2.1041 * ARIMA) + (2.3054 * TabPFN)
Ukraine,2027,1.2361675561585537,Final Prediction = -0.5033 + (-2.1041 * ARIMA) + (2.3054 * TabPFN)
United Arab Emirates,2024,1.369739817645853,Final Prediction = 0.7591 + (0.2030 * ARIMA) + (0.4562 * TabPFN)
United Arab Emirates,2025,1.363159256805033,Final Prediction = 0.7591 + (0.2030 * ARIMA) + (0.4562 * TabPFN)
United Arab Emirates,2026,1.3505612919650019,Final Prediction = 0.7591 + (0.2030 * ARIMA) + (0.4562 * TabPFN)
United Arab Emirates,2027,1.3412374296269198,Final Prediction = 0.7591 + (0.2030 * ARIMA) + (0.4562 * TabPFN)
United Kingdom of Great Britain and Northern Ireland,2024,0.6735674771871053,Final Prediction = -1.9222 + (-3.0331 * ARIMA) + (3.9991 * TabPFN)
United Kingdom of Great Britain and Northern Ireland,2025,0.46708531866174097,Final Prediction = -1.9222 + (-3.0331 * ARIMA) + (3.9991 * TabPFN)
United Kingdom of Great Britain and Northern Ireland,2026,0.7899497541902731,Final Prediction = -1.9222 + (-3.0331 * ARIMA) + (3.9991 * TabPFN)
United Kingdom of Great Britain and Northern Ireland,2027,0.49628782213005174,Final Prediction = -1.9222 + (-3.0331 * ARIMA) + (3.9991 * TabPFN)
United Republic of Tanzania,2024,1.0301008409119932,Final Prediction = -1.0560 + (0.2560 * ARIMA) + (2.4659 * TabPFN)
United Republic of Tanzania,2025,1.0841246402401583,Final Prediction = -1.0560 + (0.2560 * ARIMA) + (2.4659 * TabPFN)
United Republic of Tanzania,2026,1.1076234603073967,Final Prediction = -1.0560 + (0.2560 * ARIMA) + (2.4659 * TabPFN)
United Republic of Tanzania,2027,1.1114126220224678,Final Prediction = -1.0560 + (0.2560 * ARIMA) + (2.4659 * TabPFN)
United States of America,2024,0.10719362836792046,Final Prediction = 1.3511 + (0.0164 * ARIMA) + (-3.1529 * TabPFN)
United States of America,2025,0.11592737460439828,Final Prediction = 1.3511 + (0.0164 * ARIMA) + (-3.1529 * TabPFN)
United States of America,2026,0.11219997472425636,Final Prediction = 1.3511 + (0.0164 * ARIMA) + (-3.1529 * TabPFN)
United States of America,2027,0.10823466610922439,Final Prediction = 1.3511 + (0.0164 * ARIMA) + (-3.1529 * TabPFN)
Uruguay,2024,2.2393757386317668,Final Prediction = 2.2905 + (-0.1207 * ARIMA) + (-6.9444 * TabPFN)
Uruguay,2025,1.8730698437236803,Final Prediction = 2.2905 + (-0.1207 * ARIMA) + (-6.9444 * TabPFN)
Uruguay,2026,1.921409917906466,Final Prediction = 2.2905 + (-0.1207 * ARIMA) + (-6.9444 * TabPFN)
Uruguay,2027,1.9633497143500296,Final Prediction = 2.2905 + (-0.1207 * ARIMA) + (-6.9444 * TabPFN)
Uzbekistan,2024,0.9140949729921443,Final Prediction = -0.1857 + (0.5081 * ARIMA) + (0.8250 * TabPFN)
Uzbekistan,2025,1.0287176778439193,Final Prediction = -0.1857 + (0.5081 * ARIMA) + (0.8250 * TabPFN)
Uzbekistan,2026,1.0838234230795527,Final Prediction = -0.1857 + (0.5081 * ARIMA) + (0.8250 * TabPFN)
Uzbekistan,2027,1.1279483129513157,Final Prediction = -0.1857 + (0.5081 * ARIMA) + (0.8250 * TabPFN)
Vanuatu,2024,-31.015881880493595,Final Prediction = 10.8780 + (6.3707 * ARIMA) + (-21.3555 * TabPFN)
Vanuatu,2025,-32.54434964029087,Final Prediction = 10.8780 + (6.3707 * ARIMA) + (-21.3555 * TabPFN)
Vanuatu,2026,-33.85239550228336,Final Prediction = 10.8780 + (6.3707 * ARIMA) + (-21.3555 * TabPFN)
Vanuatu,2027,-34.8574000885896,Final Prediction = 10.8780 + (6.3707 * ARIMA) + (-21.3555 * TabPFN)
Viet Nam,2024,2.864620202713716,Final Prediction = -2.7234 + (-0.3717 * ARIMA) + (5.9648 * TabPFN)
Viet Nam,2025,2.9584537374499567,Final Prediction = -2.7234 + (-0.3717 * ARIMA) + (5.9648 * TabPFN)
Viet Nam,2026,2.9489383258635953,Final Prediction = -2.7234 + (-0.3717 * ARIMA) + (5.9648 * TabPFN)
Viet Nam,2027,2.918507851697376,Final Prediction = -2.7234 + (-0.3717 * ARIMA) + (5.9648 * TabPFN)
Yemen,2024,1.9683634473036835,Final Prediction = -0.9716 + (-0.5968 * ARIMA) + (3.5977 * TabPFN)
Yemen,2025,1.8109056731654465,Final Prediction = -0.9716 + (-0.5968 * ARIMA) + (3.5977 * TabPFN)
Yemen,2026,1.730424557737106,Final Prediction = -0.9716 + (-0.5968 * ARIMA) + (3.5977 * TabPFN)
Yemen,2027,1.73932680789243,Final Prediction = -0.9716 + (-0.5968 * ARIMA) + (3.5977 * TabPFN)
Zimbabwe,2024,-1.0831741000673354,Final Prediction = 2.7904 + (1.3020 * ARIMA) + (-3.0165 * TabPFN)
Zimbabwe,2025,-1.247327341100104,Final Prediction = 2.7904 + (1.3020 * ARIMA) + (-3.0165 * TabPFN)
Zimbabwe,2026,-1.274643207650655,Final Prediction = 2.7904 + (1.3020 * ARIMA) + (-3.0165 * TabPFN)
Zimbabwe,2027,-1.4395736867710962,Final Prediction = 2.7904 + (1.3020 * ARIMA) + (-3.0165 * TabPFN)